"selection1_name","selection1_url"
"港珠澳大橋","javascript:void(0)"
"港珠澳大橋","javascript:void(0)"
"港珠澳大橋","javascript:void(0)"
"港珠澳大橋","javascript:void(0)"
"主頁","https://www.weekendhk.com/"
"飲食","https://www.weekendhk.com/category/dining/"
"自助餐","http://www.weekendhk.com/tag/%E8%87%AA%E5%8A%A9%E9%A4%90/"
"下午茶","http://www.weekendhk.com/tag/%E4%B8%8B%E5%8D%88%E8%8C%B6/"
"火鍋","http://www.weekendhk.com/tag/%E7%81%AB%E9%8D%8B"
"甜品","http://www.weekendhk.com/tag/%E7%94%9C%E5%93%81"
"自助餐","http://www.weekendhk.com/tag/%E8%87%AA%E5%8A%A9%E9%A4%90/"
"下午茶","http://www.weekendhk.com/tag/%E4%B8%8B%E5%8D%88%E8%8C%B6/"
"火鍋","http://www.weekendhk.com/tag/%E7%81%AB%E9%8D%8B"
"甜品","http://www.weekendhk.com/tag/%E7%94%9C%E5%93%81"
"自助餐","http://www.weekendhk.com/tag/%E8%87%AA%E5%8A%A9%E9%A4%90/"
"下午茶","http://www.weekendhk.com/tag/%E4%B8%8B%E5%8D%88%E8%8C%B6/"
"火鍋","http://www.weekendhk.com/tag/%E7%81%AB%E9%8D%8B"
"甜品","http://www.weekendhk.com/tag/%E7%94%9C%E5%93%81"
"生活","https://www.weekendhk.com/category/lifestyle/"
"香港好去處","https://www.weekendhk.com/category/lifestyle/weekend-leisure/"
"好生活百科","https://www.weekendhk.com/category/lifestyle/%e5%a5%bd%e7%94%9f%e6%b4%bb%e7%99%be%e7%a7%91/"
"購物優惠情報","https://www.weekendhk.com/category/lifestyle/%e8%b3%bc%e7%89%a9%e5%84%aa%e6%83%a0%e6%83%85%e5%a0%b1/"
"廝殺購物車","https://www.weekendhk.com/tag/%E5%BB%9D%E6%AE%BA%E8%B3%BC%E7%89%A9%E8%BB%8A/"
"星座運程","https://www.weekendhk.com/category/lifestyle/%e6%98%9f%e5%ba%a7%e9%81%8b%e7%a8%8b/"
"香港好去處","https://www.weekendhk.com/category/lifestyle/weekend-leisure/"
"好生活百科","https://www.weekendhk.com/category/lifestyle/%e5%a5%bd%e7%94%9f%e6%b4%bb%e7%99%be%e7%a7%91/"
"購物優惠情報","https://www.weekendhk.com/category/lifestyle/%e8%b3%bc%e7%89%a9%e5%84%aa%e6%83%a0%e6%83%85%e5%a0%b1/"
"廝殺購物車","https://www.weekendhk.com/tag/%E5%BB%9D%E6%AE%BA%E8%B3%BC%E7%89%A9%E8%BB%8A/"
"星座運程","https://www.weekendhk.com/category/lifestyle/%e6%98%9f%e5%ba%a7%e9%81%8b%e7%a8%8b/"
"香港好去處","https://www.weekendhk.com/category/lifestyle/weekend-leisure/"
"好生活百科","https://www.weekendhk.com/category/lifestyle/%e5%a5%bd%e7%94%9f%e6%b4%bb%e7%99%be%e7%a7%91/"
"購物優惠情報","https://www.weekendhk.com/category/lifestyle/%e8%b3%bc%e7%89%a9%e5%84%aa%e6%83%a0%e6%83%85%e5%a0%b1/"
"廝殺購物車","https://www.weekendhk.com/tag/%E5%BB%9D%E6%AE%BA%E8%B3%BC%E7%89%A9%E8%BB%8A/"
"星座運程","https://www.weekendhk.com/category/lifestyle/%e6%98%9f%e5%ba%a7%e9%81%8b%e7%a8%8b/"
"非常餐單","https://www.weekendhk.com/category/tastingmenu/"
"旅遊","https://www.weekendhk.com/category/travel/"
"日本","https://www.weekendhk.com/category/japan/"
"台灣","https://www.weekendhk.com/category/taiwan/"
"韓國","https://www.weekendhk.com/category/korea/"
"DIY食譜","https://www.weekendhk.com/category/dining/diyfood/"
"影視","https://www.weekendhk.com/category/entertainment/"
"時尚美容","https://www.weekendhk.com/category/readygo/"
"Styling Guide","http://www.weekendhk.com/stylingguide"
"Styling Guide","http://www.weekendhk.com/stylingguide"
"Styling Guide","http://www.weekendhk.com/stylingguide"
"博客","https://www.weekendhk.com/blogger/"
"Fly旅遊天書","https://www.weekendhk.com/category/travel/fly%e6%97%85%e9%81%8a%e5%a4%a9%e6%9b%b8/"
"網購","https://www.weekendhk.com/category/%e7%b6%b2%e8%b3%bc/"
"Featured
KITKAT朱古力迷注意！全新朱古力、抹茶慕絲脆趣樂蛋糕登場","https://www.weekendhk.com/865060/dining/%e8%81%96%e5%ae%89%e5%a8%9c%e9%a4%85%e5%b1%8b-kitkat-%e9%9b%80%e5%b7%a2/"
"Featured
新iPad Pro+平版MacBook Air一齊出！AirPods 2又延期？ 蘋果特別發佈會 詳情流出","https://www.weekendhk.com/865990/lifestyle/%e8%b3%bc%e7%89%a9%e5%84%aa%e6%83%a0%e6%83%85%e5%a0%b1/%e8%98%8b%e6%9e%9c%e7%99%bc%e4%bd%88%e6%9c%83-ipad-pro-airpods-2-apple/"
"Featured
11月餐廳優惠！美式扒房＋片皮鴨＋高級日菜＋海鮮餐 5個生日＋慶祝抵食菜單｜香港盛宴11月｜","https://www.weekendhk.com/865697/dining/%e9%a6%99%e6%b8%af%e7%9b%9b%e5%ae%b411%e6%9c%88-november-feast-%e9%a4%90%e5%bb%b3%e5%84%aa%e6%83%a0/"
"Featured
KITKAT朱古力迷注意！全新朱古力、抹茶慕絲脆趣樂蛋糕登場","https://www.weekendhk.com/865060/dining/%e8%81%96%e5%ae%89%e5%a8%9c%e9%a4%85%e5%b1%8b-kitkat-%e9%9b%80%e5%b7%a2/"
"Featured
KITKAT朱古力迷注意！全新朱古力、抹茶慕絲脆趣樂蛋糕登場","https://www.weekendhk.com/865060/dining/%e8%81%96%e5%ae%89%e5%a8%9c%e9%a4%85%e5%b1%8b-kitkat-%e9%9b%80%e5%b7%a2/"
"Featured
KITKAT朱古力迷注意！全新朱古力、抹茶慕絲脆趣樂蛋糕登場","https://www.weekendhk.com/865060/dining/%e8%81%96%e5%ae%89%e5%a8%9c%e9%a4%85%e5%b1%8b-kitkat-%e9%9b%80%e5%b7%a2/"
"Featured
新iPad Pro+平版MacBook Air一齊出！AirPods 2又延期？ 蘋果特別發佈會 詳情流出","https://www.weekendhk.com/865990/lifestyle/%e8%b3%bc%e7%89%a9%e5%84%aa%e6%83%a0%e6%83%85%e5%a0%b1/%e8%98%8b%e6%9e%9c%e7%99%bc%e4%bd%88%e6%9c%83-ipad-pro-airpods-2-apple/"
"Featured
新iPad Pro+平版MacBook Air一齊出！AirPods 2又延期？ 蘋果特別發佈會 詳情流出","https://www.weekendhk.com/865990/lifestyle/%e8%b3%bc%e7%89%a9%e5%84%aa%e6%83%a0%e6%83%85%e5%a0%b1/%e8%98%8b%e6%9e%9c%e7%99%bc%e4%bd%88%e6%9c%83-ipad-pro-airpods-2-apple/"
"Featured
新iPad Pro+平版MacBook Air一齊出！AirPods 2又延期？ 蘋果特別發佈會 詳情流出","https://www.weekendhk.com/865990/lifestyle/%e8%b3%bc%e7%89%a9%e5%84%aa%e6%83%a0%e6%83%85%e5%a0%b1/%e8%98%8b%e6%9e%9c%e7%99%bc%e4%bd%88%e6%9c%83-ipad-pro-airpods-2-apple/"
"Featured
11月餐廳優惠！美式扒房＋片皮鴨＋高級日菜＋海鮮餐 5個生日＋慶祝抵食菜單｜香港盛宴11月｜","https://www.weekendhk.com/865697/dining/%e9%a6%99%e6%b8%af%e7%9b%9b%e5%ae%b411%e6%9c%88-november-feast-%e9%a4%90%e5%bb%b3%e5%84%aa%e6%83%a0/"
"Featured
11月餐廳優惠！美式扒房＋片皮鴨＋高級日菜＋海鮮餐 5個生日＋慶祝抵食菜單｜香港盛宴11月｜","https://www.weekendhk.com/865697/dining/%e9%a6%99%e6%b8%af%e7%9b%9b%e5%ae%b411%e6%9c%88-november-feast-%e9%a4%90%e5%bb%b3%e5%84%aa%e6%83%a0/"
"Featured
11月餐廳優惠！美式扒房＋片皮鴨＋高級日菜＋海鮮餐 5個生日＋慶祝抵食菜單｜香港盛宴11月｜","https://www.weekendhk.com/865697/dining/%e9%a6%99%e6%b8%af%e7%9b%9b%e5%ae%b411%e6%9c%88-november-feast-%e9%a4%90%e5%bb%b3%e5%84%aa%e6%83%a0/"
"KITKAT朱古力迷注意！全新朱古力、抹茶慕絲脆趣樂蛋糕登場","https://www.weekendhk.com/865060/dining/%e8%81%96%e5%ae%89%e5%a8%9c%e9%a4%85%e5%b1%8b-kitkat-%e9%9b%80%e5%b7%a2/"
"新假期 - 飲食","https://www.weekendhk.com/author/wwtopic2/"
"KITKAT朱古力迷注意！全新朱古力、抹茶慕絲脆趣樂蛋糕登場","https://www.weekendhk.com/865060/dining/%e8%81%96%e5%ae%89%e5%a8%9c%e9%a4%85%e5%b1%8b-kitkat-%e9%9b%80%e5%b7%a2/"
"新假期 - 飲食","https://www.weekendhk.com/author/wwtopic2/"
"新假期 - 飲食","https://www.weekendhk.com/author/wwtopic2/"
"新假期 - 飲食","https://www.weekendhk.com/author/wwtopic2/"
"Miss Marble雲石小姐 新推黑糖珍奶雪崩蛋糕 袁澧林生日都食佢｜尖沙咀甜品｜","https://www.weekendhk.com/865546/dining/%e5%b0%96%e6%b2%99%e5%92%80-missmarble-%e9%9b%b2%e7%9f%b3%e5%b0%8f%e5%a7%90-%e7%8f%8d%e7%8f%a0%e5%a5%b6%e8%8c%b6-%e9%9b%aa%e5%b4%a9%e8%9b%8b%e7%b3%95-%e7%94%9c%e5%93%81/"
"新假期 - 飲食","https://www.weekendhk.com/author/wwtopic2/"
"Miss Marble雲石小姐 新推黑糖珍奶雪崩蛋糕 袁澧林生日都食佢｜尖沙咀甜品｜","https://www.weekendhk.com/865546/dining/%e5%b0%96%e6%b2%99%e5%92%80-missmarble-%e9%9b%b2%e7%9f%b3%e5%b0%8f%e5%a7%90-%e7%8f%8d%e7%8f%a0%e5%a5%b6%e8%8c%b6-%e9%9b%aa%e5%b4%a9%e8%9b%8b%e7%b3%95-%e7%94%9c%e5%93%81/"
"新假期 - 飲食","https://www.weekendhk.com/author/wwtopic2/"
"新假期 - 飲食","https://www.weekendhk.com/author/wwtopic2/"
"新假期 - 飲食","https://www.weekendhk.com/author/wwtopic2/"
"11月餐廳優惠！美式扒房＋片皮鴨＋高級日菜＋海鮮餐 5個生日＋慶祝抵食菜單｜香港盛宴11月｜","https://www.weekendhk.com/865697/dining/%e9%a6%99%e6%b8%af%e7%9b%9b%e5%ae%b411%e6%9c%88-november-feast-%e9%a4%90%e5%bb%b3%e5%84%aa%e6%83%a0/"
"新假期 - 飲食","https://www.weekendhk.com/author/wwtopic2/"
"11月餐廳優惠！美式扒房＋片皮鴨＋高級日菜＋海鮮餐 5個生日＋慶祝抵食菜單｜香港盛宴11月｜","https://www.weekendhk.com/865697/dining/%e9%a6%99%e6%b8%af%e7%9b%9b%e5%ae%b411%e6%9c%88-november-feast-%e9%a4%90%e5%bb%b3%e5%84%aa%e6%83%a0/"
"新假期 - 飲食","https://www.weekendhk.com/author/wwtopic2/"
"新假期 - 飲食","https://www.weekendhk.com/author/wwtopic2/"
"新假期 - 飲食","https://www.weekendhk.com/author/wwtopic2/"
"海洋公園首間酒店正式試業 最快可11月13日入住！","https://www.weekendhk.com/784888/lifestyle/%e6%b5%b7%e6%b4%8b%e5%85%ac%e5%9c%92-%e9%85%92%e5%ba%97/"
"新假期 - 生活","https://www.weekendhk.com/author/wwtopic3/"
"海洋公園首間酒店正式試業 最快可11月13日入住！","https://www.weekendhk.com/784888/lifestyle/%e6%b5%b7%e6%b4%8b%e5%85%ac%e5%9c%92-%e9%85%92%e5%ba%97/"
"新假期 - 生活","https://www.weekendhk.com/author/wwtopic3/"
"新假期 - 生活","https://www.weekendhk.com/author/wwtopic3/"
"新假期 - 生活","https://www.weekendhk.com/author/wwtopic3/"
"【邊間最好食】Top7 斬料叉燒！城中名店老店大比拼｜記者試食｜","https://www.weekendhk.com/865772/dining/%e5%8f%89%e7%87%92-%e9%82%8a%e9%96%93%e6%9c%80%e5%a5%bd%e9%a3%9f-%e6%96%ac%e6%96%99-%e6%96%b0%e6%a1%82%e9%a6%99-%e9%a3%9f%e7%a5%9e%e5%8f%89%e7%87%92/"
"新假期 - 飲食","https://www.weekendhk.com/author/wwtopic2/"
"【邊間最好食】Top7 斬料叉燒！城中名店老店大比拼｜記者試食｜","https://www.weekendhk.com/865772/dining/%e5%8f%89%e7%87%92-%e9%82%8a%e9%96%93%e6%9c%80%e5%a5%bd%e9%a3%9f-%e6%96%ac%e6%96%99-%e6%96%b0%e6%a1%82%e9%a6%99-%e9%a3%9f%e7%a5%9e%e5%8f%89%e7%87%92/"
"新假期 - 飲食","https://www.weekendhk.com/author/wwtopic2/"
"新假期 - 飲食","https://www.weekendhk.com/author/wwtopic2/"
"新假期 - 飲食","https://www.weekendhk.com/author/wwtopic2/"
"【葵芳美食嘉年華2018】開鑼啦！$5入場＋60檔熟食檔＋新增東南亞特色主題區","https://www.weekendhk.com/853464/dining/%e8%91%b5%e8%8a%b3%e7%be%8e%e9%a3%9f%e5%98%89%e5%b9%b4%e8%8f%af2018-%e8%91%b5%e8%8a%b3-%e9%a3%9f%e5%93%81%e5%98%89%e5%b9%b4%e8%8f%af-%e6%8e%83%e8%a1%97/"
"新假期 - 飲食","https://www.weekendhk.com/author/wwtopic2/"
"【葵芳美食嘉年華2018】開鑼啦！$5入場＋60檔熟食檔＋新增東南亞特色主題區","https://www.weekendhk.com/853464/dining/%e8%91%b5%e8%8a%b3%e7%be%8e%e9%a3%9f%e5%98%89%e5%b9%b4%e8%8f%af2018-%e8%91%b5%e8%8a%b3-%e9%a3%9f%e5%93%81%e5%98%89%e5%b9%b4%e8%8f%af-%e6%8e%83%e8%a1%97/"
"新假期 - 飲食","https://www.weekendhk.com/author/wwtopic2/"
"新假期 - 飲食","https://www.weekendhk.com/author/wwtopic2/"
"新假期 - 飲食","https://www.weekendhk.com/author/wwtopic2/"
"新假期 - 旅遊","https://www.weekendhk.com/author/wwtopic1/"
"【深圳好去處】地鐵沿線打卡新熱點！5大主題展覽：One Piece展＋少女文青風","https://www.weekendhk.com/863383/travel/%e6%b7%b1%e5%9c%b3%e5%a5%bd%e5%8e%bb%e8%99%95-%e5%9c%b0%e9%90%b5%e6%b2%bf%e7%b7%9a-%e6%89%93%e5%8d%a1-%e5%b1%95%e8%a6%bd-one-piece/"
"新假期 - 旅遊","https://www.weekendhk.com/author/wwtopic1/"
"【深圳好去處】地鐵沿線打卡新熱點！5大主題展覽：One Piece展＋少女文青風","https://www.weekendhk.com/863383/travel/%e6%b7%b1%e5%9c%b3%e5%a5%bd%e5%8e%bb%e8%99%95-%e5%9c%b0%e9%90%b5%e6%b2%bf%e7%b7%9a-%e6%89%93%e5%8d%a1-%e5%b1%95%e8%a6%bd-one-piece/"
"新假期 - 旅遊","https://www.weekendhk.com/author/wwtopic1/"
"【深圳好去處】地鐵沿線打卡新熱點！5大主題展覽：One Piece展＋少女文青風","https://www.weekendhk.com/863383/travel/%e6%b7%b1%e5%9c%b3%e5%a5%bd%e5%8e%bb%e8%99%95-%e5%9c%b0%e9%90%b5%e6%b2%bf%e7%b7%9a-%e6%89%93%e5%8d%a1-%e5%b1%95%e8%a6%bd-one-piece/"
"新假期 - 旅遊","https://www.weekendhk.com/author/wwtopic1/"
"【深圳好去處】地鐵沿線打卡新熱點！5大主題展覽：One Piece展＋少女文青風","https://www.weekendhk.com/863383/travel/%e6%b7%b1%e5%9c%b3%e5%a5%bd%e5%8e%bb%e8%99%95-%e5%9c%b0%e9%90%b5%e6%b2%bf%e7%b7%9a-%e6%89%93%e5%8d%a1-%e5%b1%95%e8%a6%bd-one-piece/"
"新假期 - 旅遊","https://www.weekendhk.com/author/wwtopic1/"
"【深圳好去處】海賊王官方展覽「Hello, ONE PIECE」登陸深圳！手稿＋互動VR＋瘋狂打卡","https://www.weekendhk.com/864557/travel/%e6%b7%b1%e5%9c%b3%e5%a5%bd%e5%8e%bb%e8%99%95-%e6%b5%b7%e8%b3%8a%e7%8e%8b-%e5%b1%95%e8%a6%bd-hello-one-piece/"
"新假期 - 旅遊","https://www.weekendhk.com/author/wwtopic1/"
"【深圳好去處】海賊王官方展覽「Hello, ONE PIECE」登陸深圳！手稿＋互動VR＋瘋狂打卡","https://www.weekendhk.com/864557/travel/%e6%b7%b1%e5%9c%b3%e5%a5%bd%e5%8e%bb%e8%99%95-%e6%b5%b7%e8%b3%8a%e7%8e%8b-%e5%b1%95%e8%a6%bd-hello-one-piece/"
"新假期 - 旅遊","https://www.weekendhk.com/author/wwtopic1/"
"【深圳好去處】海賊王官方展覽「Hello, ONE PIECE」登陸深圳！手稿＋互動VR＋瘋狂打卡","https://www.weekendhk.com/864557/travel/%e6%b7%b1%e5%9c%b3%e5%a5%bd%e5%8e%bb%e8%99%95-%e6%b5%b7%e8%b3%8a%e7%8e%8b-%e5%b1%95%e8%a6%bd-hello-one-piece/"
"新假期 - 旅遊","https://www.weekendhk.com/author/wwtopic1/"
"【深圳好去處】海賊王官方展覽「Hello, ONE PIECE」登陸深圳！手稿＋互動VR＋瘋狂打卡","https://www.weekendhk.com/864557/travel/%e6%b7%b1%e5%9c%b3%e5%a5%bd%e5%8e%bb%e8%99%95-%e6%b5%b7%e8%b3%8a%e7%8e%8b-%e5%b1%95%e8%a6%bd-hello-one-piece/"
"新假期 - 旅遊","https://www.weekendhk.com/author/wwtopic1/"
"【港珠澳大橋】交通全攻略：口岸巴士 vs 直通巴 vs 高速船 一文睇晒時間、費用大比拼","https://www.weekendhk.com/845563/%e6%be%b3%e9%96%80/%e6%b8%af%e7%8f%a0%e6%be%b3%e5%a4%a7%e6%a9%8b-%e6%be%b3%e9%96%80-%e5%b7%b4%e5%a3%ab-%e4%ba%a4%e9%80%9a/"
"新假期 - 旅遊","https://www.weekendhk.com/author/wwtopic1/"
"【港珠澳大橋】交通全攻略：口岸巴士 vs 直通巴 vs 高速船 一文睇晒時間、費用大比拼","https://www.weekendhk.com/845563/%e6%be%b3%e9%96%80/%e6%b8%af%e7%8f%a0%e6%be%b3%e5%a4%a7%e6%a9%8b-%e6%be%b3%e9%96%80-%e5%b7%b4%e5%a3%ab-%e4%ba%a4%e9%80%9a/"
"新假期 - 旅遊","https://www.weekendhk.com/author/wwtopic1/"
"【港珠澳大橋】交通全攻略：口岸巴士 vs 直通巴 vs 高速船 一文睇晒時間、費用大比拼","https://www.weekendhk.com/845563/%e6%be%b3%e9%96%80/%e6%b8%af%e7%8f%a0%e6%be%b3%e5%a4%a7%e6%a9%8b-%e6%be%b3%e9%96%80-%e5%b7%b4%e5%a3%ab-%e4%ba%a4%e9%80%9a/"
"新假期 - 旅遊","https://www.weekendhk.com/author/wwtopic1/"
"【港珠澳大橋】交通全攻略：口岸巴士 vs 直通巴 vs 高速船 一文睇晒時間、費用大比拼","https://www.weekendhk.com/845563/%e6%be%b3%e9%96%80/%e6%b8%af%e7%8f%a0%e6%be%b3%e5%a4%a7%e6%a9%8b-%e6%be%b3%e9%96%80-%e5%b7%b4%e5%a3%ab-%e4%ba%a4%e9%80%9a/"
"【呢個香港人】尖沙咀懷舊精品玩具店！舊物重生地～回憶尋寶迷宮","https://www.weekendhk.com/865236/lifestyle/weekend-leisure/%e5%91%a2%e5%80%8b%e9%a6%99%e6%b8%af%e4%ba%ba-%e5%b0%96%e6%b2%99%e5%92%80-vintage/"
"Sonia Lui","https://www.weekendhk.com/author/wwsonia/"
"【出街搵食】觀塘懷舊車仔麵 必吃酸齋＋秘製辣魷魚｜觀塘美食｜","https://www.weekendhk.com/866213/dining/%e8%a7%80%e5%a1%98-%e6%96%87%e8%a8%98%e8%bb%8a%e4%bb%94%e9%ba%b5-%e8%bb%8a%e4%bb%94%e9%ba%b5-%e7%be%8e%e9%a3%9f/"
"新假期 - 飲食","https://www.weekendhk.com/author/wwtopic2/"
"60年代香港夜景「東方之珠」｜霓虹燈牌街道重現｜外國遊客記錄舊香港","https://www.weekendhk.com/865839/hot/60%e5%b9%b4%e4%bb%a3-%e9%a6%99%e6%b8%af%e5%a4%9c%e6%99%af-%e6%9d%b1%e6%96%b9%e4%b9%8b%e7%8f%a0-%e9%9c%93%e8%99%b9%e7%87%88%e7%89%8c/"
"新假期 - 生活","https://www.weekendhk.com/author/wwtopic3/"
"搶購！引發全城美妝控瘋狂Shiseido X Ribbonesia 別注版 率先睇@Miss Sunny","https://www.weekendhk.com/866020/readygo/%e5%88%a5%e6%b3%a8%e7%89%88-shiseido-ribbonesia/"
"新活時報Miss Sunny","https://www.weekendhk.com/author/misssunny/"
"【出街搵食】中環Check-In Taipei手製芋泥菜：珍珠牛角包+酥皮蛋卷+鹹蛋黃窩夫","https://www.weekendhk.com/865873/hot/check-in-taipei-%e8%8a%8b%e6%b3%a5-%e7%89%9b%e8%a7%92%e5%8c%85-%e4%b8%ad%e7%92%b0/"
"新假期 - 飲食","https://www.weekendhk.com/author/wwtopic2/"
"【郊遊好去處】5大豪華露營地方合集2018｜透明波子Glamping+泰國風露營車+波希米亞帳篷","https://www.weekendhk.com/865563/lifestyle/weekend-leisure/%e9%9c%b2%e7%87%9f-%e9%83%8a%e9%81%8a-glamping-%e9%a6%99%e6%b8%af%e5%a5%bd%e5%8e%bb%e8%99%95/"
"新假期 - 好去處","https://www.weekendhk.com/author/wwtopic9/"
"【聖誕好去處】16呎巨型布甸狗攻荃灣｜聖誕部屋 打卡必去","https://www.weekendhk.com/865899/lifestyle/weekend-leisure/%e8%81%96%e8%aa%95%e5%a5%bd%e5%8e%bb%e8%99%95-%e5%b8%83%e7%94%b8%e7%8b%97-%e8%8d%83%e7%81%a3-%e8%8d%83%e7%81%a3%e5%bb%a3%e5%a0%b4/"
"新假期 - 好去處","https://www.weekendhk.com/author/wwtopic9/"
"11月生日優惠！21個食買玩2018年最新 免費自助餐、酒店套票、海洋公園免費入場","https://www.weekendhk.com/735574/lifestyle/11%e6%9c%88%e7%94%9f%e6%97%a5%e5%84%aa%e6%83%a0-%e8%87%aa%e5%8a%a9%e9%a4%90-%e6%b5%b7%e6%b4%8b%e5%85%ac%e5%9c%92/"
"新假期 - 生活","https://www.weekendhk.com/author/wwtopic3/"
"【中環好去處】大館半日遊！監獄新展覽+8大打卡位！（附中上環美食推介）","https://www.weekendhk.com/818125/lifestyle/weekend-leisure/%e5%a4%a7%e9%a4%a8-%e4%b8%ad%e7%92%b0%e5%a5%bd%e5%8e%bb%e8%99%95-%e5%89%8d%e4%b8%ad%e5%8d%80%e8%ad%a6%e7%bd%b2-%e5%9f%9f%e5%a4%9a%e5%88%a9%e7%9b%a3%e7%8d%84/"
"新假期 - 好去處","https://www.weekendhk.com/author/wwtopic9/"
"WhatsApp新增Stickers功能 12款免費貼圖任你用","https://www.weekendhk.com/865644/hot/whatsapp-stickers-%e5%8a%9f%e8%83%bd/"
"新假期 - 熱話","https://www.weekendhk.com/author/wwtopic13/"
"【秋冬髮色】韓國大熱霧面咖啡系「楓糖斑比」髮色 易襯、顯白、有氣質","https://www.weekendhk.com/865253/readygo/%e7%a7%8b%e5%86%ac%e9%ab%ae%e8%89%b2-%e6%a5%93%e7%b3%96%e6%96%91%e6%af%94-%e9%9f%93%e5%9c%8b%e5%a4%a7%e7%86%b1-%e9%ab%ae%e8%89%b2/"
"新假期 - 時尚美容","https://www.weekendhk.com/author/wwtopic5/"
"超夢幻！今期大熱L‘OCCITANE皇牌乳木果系列星願限量版@Miss Sunny","https://www.weekendhk.com/865047/readygo/loccitane-%e4%b9%b3%e6%9c%a8%e6%9e%9c-%e9%99%90%e9%87%8f%e7%89%88/"
"新活時報Miss Sunny","https://www.weekendhk.com/author/misssunny/"
"【葵芳美食嘉年華2018】開鑼啦！$5入場＋60檔熟食檔＋新增東南亞特色主題區","https://www.weekendhk.com/853464/dining/%e8%91%b5%e8%8a%b3%e7%be%8e%e9%a3%9f%e5%98%89%e5%b9%b4%e8%8f%af2018-%e8%91%b5%e8%8a%b3-%e9%a3%9f%e5%93%81%e5%98%89%e5%b9%b4%e8%8f%af-%e6%8e%83%e8%a1%97/"
"新假期 - 飲食","https://www.weekendhk.com/author/wwtopic2/"
"【呢個香港人】尖沙咀懷舊精品玩具店！舊物重生地～回憶尋寶迷宮","https://www.weekendhk.com/865236/lifestyle/weekend-leisure/%e5%91%a2%e5%80%8b%e9%a6%99%e6%b8%af%e4%ba%ba-%e5%b0%96%e6%b2%99%e5%92%80-vintage/"
"Sonia Lui","https://www.weekendhk.com/author/wwsonia/"
"【呢個香港人】尖沙咀懷舊精品玩具店！舊物重生地～回憶尋寶迷宮","https://www.weekendhk.com/865236/lifestyle/weekend-leisure/%e5%91%a2%e5%80%8b%e9%a6%99%e6%b8%af%e4%ba%ba-%e5%b0%96%e6%b2%99%e5%92%80-vintage/"
"Sonia Lui","https://www.weekendhk.com/author/wwsonia/"
"【呢個香港人】尖沙咀懷舊精品玩具店！舊物重生地～回憶尋寶迷宮","https://www.weekendhk.com/865236/lifestyle/weekend-leisure/%e5%91%a2%e5%80%8b%e9%a6%99%e6%b8%af%e4%ba%ba-%e5%b0%96%e6%b2%99%e5%92%80-vintage/"
"Sonia Lui","https://www.weekendhk.com/author/wwsonia/"
"Sonia Lui","https://www.weekendhk.com/author/wwsonia/"
"Sonia Lui","https://www.weekendhk.com/author/wwsonia/"
"【出街搵食】觀塘懷舊車仔麵 必吃酸齋＋秘製辣魷魚｜觀塘美食｜","https://www.weekendhk.com/866213/dining/%e8%a7%80%e5%a1%98-%e6%96%87%e8%a8%98%e8%bb%8a%e4%bb%94%e9%ba%b5-%e8%bb%8a%e4%bb%94%e9%ba%b5-%e7%be%8e%e9%a3%9f/"
"新假期 - 飲食","https://www.weekendhk.com/author/wwtopic2/"
"【出街搵食】觀塘懷舊車仔麵 必吃酸齋＋秘製辣魷魚｜觀塘美食｜","https://www.weekendhk.com/866213/dining/%e8%a7%80%e5%a1%98-%e6%96%87%e8%a8%98%e8%bb%8a%e4%bb%94%e9%ba%b5-%e8%bb%8a%e4%bb%94%e9%ba%b5-%e7%be%8e%e9%a3%9f/"
"新假期 - 飲食","https://www.weekendhk.com/author/wwtopic2/"
"【出街搵食】觀塘懷舊車仔麵 必吃酸齋＋秘製辣魷魚｜觀塘美食｜","https://www.weekendhk.com/866213/dining/%e8%a7%80%e5%a1%98-%e6%96%87%e8%a8%98%e8%bb%8a%e4%bb%94%e9%ba%b5-%e8%bb%8a%e4%bb%94%e9%ba%b5-%e7%be%8e%e9%a3%9f/"
"新假期 - 飲食","https://www.weekendhk.com/author/wwtopic2/"
"新假期 - 飲食","https://www.weekendhk.com/author/wwtopic2/"
"新假期 - 飲食","https://www.weekendhk.com/author/wwtopic2/"
"60年代香港夜景「東方之珠」｜霓虹燈牌街道重現｜外國遊客記錄舊香港","https://www.weekendhk.com/865839/hot/60%e5%b9%b4%e4%bb%a3-%e9%a6%99%e6%b8%af%e5%a4%9c%e6%99%af-%e6%9d%b1%e6%96%b9%e4%b9%8b%e7%8f%a0-%e9%9c%93%e8%99%b9%e7%87%88%e7%89%8c/"
"新假期 - 生活","https://www.weekendhk.com/author/wwtopic3/"
"60年代香港夜景「東方之珠」｜霓虹燈牌街道重現｜外國遊客記錄舊香港","https://www.weekendhk.com/865839/hot/60%e5%b9%b4%e4%bb%a3-%e9%a6%99%e6%b8%af%e5%a4%9c%e6%99%af-%e6%9d%b1%e6%96%b9%e4%b9%8b%e7%8f%a0-%e9%9c%93%e8%99%b9%e7%87%88%e7%89%8c/"
"新假期 - 生活","https://www.weekendhk.com/author/wwtopic3/"
"60年代香港夜景「東方之珠」｜霓虹燈牌街道重現｜外國遊客記錄舊香港","https://www.weekendhk.com/865839/hot/60%e5%b9%b4%e4%bb%a3-%e9%a6%99%e6%b8%af%e5%a4%9c%e6%99%af-%e6%9d%b1%e6%96%b9%e4%b9%8b%e7%8f%a0-%e9%9c%93%e8%99%b9%e7%87%88%e7%89%8c/"
"新假期 - 生活","https://www.weekendhk.com/author/wwtopic3/"
"新假期 - 生活","https://www.weekendhk.com/author/wwtopic3/"
"新假期 - 生活","https://www.weekendhk.com/author/wwtopic3/"
"搶購！引發全城美妝控瘋狂Shiseido X Ribbonesia 別注版 率先睇@Miss Sunny","https://www.weekendhk.com/866020/readygo/%e5%88%a5%e6%b3%a8%e7%89%88-shiseido-ribbonesia/"
"新活時報Miss Sunny","https://www.weekendhk.com/author/misssunny/"
"搶購！引發全城美妝控瘋狂Shiseido X Ribbonesia 別注版 率先睇@Miss Sunny","https://www.weekendhk.com/866020/readygo/%e5%88%a5%e6%b3%a8%e7%89%88-shiseido-ribbonesia/"
"新活時報Miss Sunny","https://www.weekendhk.com/author/misssunny/"
"搶購！引發全城美妝控瘋狂Shiseido X Ribbonesia 別注版 率先睇@Miss Sunny","https://www.weekendhk.com/866020/readygo/%e5%88%a5%e6%b3%a8%e7%89%88-shiseido-ribbonesia/"
"新活時報Miss Sunny","https://www.weekendhk.com/author/misssunny/"
"新活時報Miss Sunny","https://www.weekendhk.com/author/misssunny/"
"新活時報Miss Sunny","https://www.weekendhk.com/author/misssunny/"
"【出街搵食】中環Check-In Taipei手製芋泥菜：珍珠牛角包+酥皮蛋卷+鹹蛋黃窩夫","https://www.weekendhk.com/865873/hot/check-in-taipei-%e8%8a%8b%e6%b3%a5-%e7%89%9b%e8%a7%92%e5%8c%85-%e4%b8%ad%e7%92%b0/"
"新假期 - 飲食","https://www.weekendhk.com/author/wwtopic2/"
"【出街搵食】中環Check-In Taipei手製芋泥菜：珍珠牛角包+酥皮蛋卷+鹹蛋黃窩夫","https://www.weekendhk.com/865873/hot/check-in-taipei-%e8%8a%8b%e6%b3%a5-%e7%89%9b%e8%a7%92%e5%8c%85-%e4%b8%ad%e7%92%b0/"
"新假期 - 飲食","https://www.weekendhk.com/author/wwtopic2/"
"【出街搵食】中環Check-In Taipei手製芋泥菜：珍珠牛角包+酥皮蛋卷+鹹蛋黃窩夫","https://www.weekendhk.com/865873/hot/check-in-taipei-%e8%8a%8b%e6%b3%a5-%e7%89%9b%e8%a7%92%e5%8c%85-%e4%b8%ad%e7%92%b0/"
"新假期 - 飲食","https://www.weekendhk.com/author/wwtopic2/"
"新假期 - 飲食","https://www.weekendhk.com/author/wwtopic2/"
"新假期 - 飲食","https://www.weekendhk.com/author/wwtopic2/"
"【郊遊好去處】5大豪華露營地方合集2018｜透明波子Glamping+泰國風露營車+波希米亞帳篷","https://www.weekendhk.com/865563/lifestyle/weekend-leisure/%e9%9c%b2%e7%87%9f-%e9%83%8a%e9%81%8a-glamping-%e9%a6%99%e6%b8%af%e5%a5%bd%e5%8e%bb%e8%99%95/"
"新假期 - 好去處","https://www.weekendhk.com/author/wwtopic9/"
"【郊遊好去處】5大豪華露營地方合集2018｜透明波子Glamping+泰國風露營車+波希米亞帳篷","https://www.weekendhk.com/865563/lifestyle/weekend-leisure/%e9%9c%b2%e7%87%9f-%e9%83%8a%e9%81%8a-glamping-%e9%a6%99%e6%b8%af%e5%a5%bd%e5%8e%bb%e8%99%95/"
"新假期 - 好去處","https://www.weekendhk.com/author/wwtopic9/"
"【郊遊好去處】5大豪華露營地方合集2018｜透明波子Glamping+泰國風露營車+波希米亞帳篷","https://www.weekendhk.com/865563/lifestyle/weekend-leisure/%e9%9c%b2%e7%87%9f-%e9%83%8a%e9%81%8a-glamping-%e9%a6%99%e6%b8%af%e5%a5%bd%e5%8e%bb%e8%99%95/"
"新假期 - 好去處","https://www.weekendhk.com/author/wwtopic9/"
"新假期 - 好去處","https://www.weekendhk.com/author/wwtopic9/"
"新假期 - 好去處","https://www.weekendhk.com/author/wwtopic9/"
"【聖誕好去處】16呎巨型布甸狗攻荃灣｜聖誕部屋 打卡必去","https://www.weekendhk.com/865899/lifestyle/weekend-leisure/%e8%81%96%e8%aa%95%e5%a5%bd%e5%8e%bb%e8%99%95-%e5%b8%83%e7%94%b8%e7%8b%97-%e8%8d%83%e7%81%a3-%e8%8d%83%e7%81%a3%e5%bb%a3%e5%a0%b4/"
"新假期 - 好去處","https://www.weekendhk.com/author/wwtopic9/"
"【聖誕好去處】16呎巨型布甸狗攻荃灣｜聖誕部屋 打卡必去","https://www.weekendhk.com/865899/lifestyle/weekend-leisure/%e8%81%96%e8%aa%95%e5%a5%bd%e5%8e%bb%e8%99%95-%e5%b8%83%e7%94%b8%e7%8b%97-%e8%8d%83%e7%81%a3-%e8%8d%83%e7%81%a3%e5%bb%a3%e5%a0%b4/"
"新假期 - 好去處","https://www.weekendhk.com/author/wwtopic9/"
"【聖誕好去處】16呎巨型布甸狗攻荃灣｜聖誕部屋 打卡必去","https://www.weekendhk.com/865899/lifestyle/weekend-leisure/%e8%81%96%e8%aa%95%e5%a5%bd%e5%8e%bb%e8%99%95-%e5%b8%83%e7%94%b8%e7%8b%97-%e8%8d%83%e7%81%a3-%e8%8d%83%e7%81%a3%e5%bb%a3%e5%a0%b4/"
"新假期 - 好去處","https://www.weekendhk.com/author/wwtopic9/"
"新假期 - 好去處","https://www.weekendhk.com/author/wwtopic9/"
"新假期 - 好去處","https://www.weekendhk.com/author/wwtopic9/"
"11月生日優惠！21個食買玩2018年最新 免費自助餐、酒店套票、海洋公園免費入場","https://www.weekendhk.com/735574/lifestyle/11%e6%9c%88%e7%94%9f%e6%97%a5%e5%84%aa%e6%83%a0-%e8%87%aa%e5%8a%a9%e9%a4%90-%e6%b5%b7%e6%b4%8b%e5%85%ac%e5%9c%92/"
"新假期 - 生活","https://www.weekendhk.com/author/wwtopic3/"
"11月生日優惠！21個食買玩2018年最新 免費自助餐、酒店套票、海洋公園免費入場","https://www.weekendhk.com/735574/lifestyle/11%e6%9c%88%e7%94%9f%e6%97%a5%e5%84%aa%e6%83%a0-%e8%87%aa%e5%8a%a9%e9%a4%90-%e6%b5%b7%e6%b4%8b%e5%85%ac%e5%9c%92/"
"新假期 - 生活","https://www.weekendhk.com/author/wwtopic3/"
"11月生日優惠！21個食買玩2018年最新 免費自助餐、酒店套票、海洋公園免費入場","https://www.weekendhk.com/735574/lifestyle/11%e6%9c%88%e7%94%9f%e6%97%a5%e5%84%aa%e6%83%a0-%e8%87%aa%e5%8a%a9%e9%a4%90-%e6%b5%b7%e6%b4%8b%e5%85%ac%e5%9c%92/"
"新假期 - 生活","https://www.weekendhk.com/author/wwtopic3/"
"新假期 - 生活","https://www.weekendhk.com/author/wwtopic3/"
"新假期 - 生活","https://www.weekendhk.com/author/wwtopic3/"
"【中環好去處】大館半日遊！監獄新展覽+8大打卡位！（附中上環美食推介）","https://www.weekendhk.com/818125/lifestyle/weekend-leisure/%e5%a4%a7%e9%a4%a8-%e4%b8%ad%e7%92%b0%e5%a5%bd%e5%8e%bb%e8%99%95-%e5%89%8d%e4%b8%ad%e5%8d%80%e8%ad%a6%e7%bd%b2-%e5%9f%9f%e5%a4%9a%e5%88%a9%e7%9b%a3%e7%8d%84/"
"新假期 - 好去處","https://www.weekendhk.com/author/wwtopic9/"
"【中環好去處】大館半日遊！監獄新展覽+8大打卡位！（附中上環美食推介）","https://www.weekendhk.com/818125/lifestyle/weekend-leisure/%e5%a4%a7%e9%a4%a8-%e4%b8%ad%e7%92%b0%e5%a5%bd%e5%8e%bb%e8%99%95-%e5%89%8d%e4%b8%ad%e5%8d%80%e8%ad%a6%e7%bd%b2-%e5%9f%9f%e5%a4%9a%e5%88%a9%e7%9b%a3%e7%8d%84/"
"新假期 - 好去處","https://www.weekendhk.com/author/wwtopic9/"
"【中環好去處】大館半日遊！監獄新展覽+8大打卡位！（附中上環美食推介）","https://www.weekendhk.com/818125/lifestyle/weekend-leisure/%e5%a4%a7%e9%a4%a8-%e4%b8%ad%e7%92%b0%e5%a5%bd%e5%8e%bb%e8%99%95-%e5%89%8d%e4%b8%ad%e5%8d%80%e8%ad%a6%e7%bd%b2-%e5%9f%9f%e5%a4%9a%e5%88%a9%e7%9b%a3%e7%8d%84/"
"新假期 - 好去處","https://www.weekendhk.com/author/wwtopic9/"
"新假期 - 好去處","https://www.weekendhk.com/author/wwtopic9/"
"新假期 - 好去處","https://www.weekendhk.com/author/wwtopic9/"
"WhatsApp新增Stickers功能 12款免費貼圖任你用","https://www.weekendhk.com/865644/hot/whatsapp-stickers-%e5%8a%9f%e8%83%bd/"
"新假期 - 熱話","https://www.weekendhk.com/author/wwtopic13/"
"WhatsApp新增Stickers功能 12款免費貼圖任你用","https://www.weekendhk.com/865644/hot/whatsapp-stickers-%e5%8a%9f%e8%83%bd/"
"新假期 - 熱話","https://www.weekendhk.com/author/wwtopic13/"
"WhatsApp新增Stickers功能 12款免費貼圖任你用","https://www.weekendhk.com/865644/hot/whatsapp-stickers-%e5%8a%9f%e8%83%bd/"
"新假期 - 熱話","https://www.weekendhk.com/author/wwtopic13/"
"新假期 - 熱話","https://www.weekendhk.com/author/wwtopic13/"
"新假期 - 熱話","https://www.weekendhk.com/author/wwtopic13/"
"【秋冬髮色】韓國大熱霧面咖啡系「楓糖斑比」髮色 易襯、顯白、有氣質","https://www.weekendhk.com/865253/readygo/%e7%a7%8b%e5%86%ac%e9%ab%ae%e8%89%b2-%e6%a5%93%e7%b3%96%e6%96%91%e6%af%94-%e9%9f%93%e5%9c%8b%e5%a4%a7%e7%86%b1-%e9%ab%ae%e8%89%b2/"
"新假期 - 時尚美容","https://www.weekendhk.com/author/wwtopic5/"
"【秋冬髮色】韓國大熱霧面咖啡系「楓糖斑比」髮色 易襯、顯白、有氣質","https://www.weekendhk.com/865253/readygo/%e7%a7%8b%e5%86%ac%e9%ab%ae%e8%89%b2-%e6%a5%93%e7%b3%96%e6%96%91%e6%af%94-%e9%9f%93%e5%9c%8b%e5%a4%a7%e7%86%b1-%e9%ab%ae%e8%89%b2/"
"新假期 - 時尚美容","https://www.weekendhk.com/author/wwtopic5/"
"【秋冬髮色】韓國大熱霧面咖啡系「楓糖斑比」髮色 易襯、顯白、有氣質","https://www.weekendhk.com/865253/readygo/%e7%a7%8b%e5%86%ac%e9%ab%ae%e8%89%b2-%e6%a5%93%e7%b3%96%e6%96%91%e6%af%94-%e9%9f%93%e5%9c%8b%e5%a4%a7%e7%86%b1-%e9%ab%ae%e8%89%b2/"
"新假期 - 時尚美容","https://www.weekendhk.com/author/wwtopic5/"
"新假期 - 時尚美容","https://www.weekendhk.com/author/wwtopic5/"
"新假期 - 時尚美容","https://www.weekendhk.com/author/wwtopic5/"
"超夢幻！今期大熱L‘OCCITANE皇牌乳木果系列星願限量版@Miss Sunny","https://www.weekendhk.com/865047/readygo/loccitane-%e4%b9%b3%e6%9c%a8%e6%9e%9c-%e9%99%90%e9%87%8f%e7%89%88/"
"新活時報Miss Sunny","https://www.weekendhk.com/author/misssunny/"
"超夢幻！今期大熱L‘OCCITANE皇牌乳木果系列星願限量版@Miss Sunny","https://www.weekendhk.com/865047/readygo/loccitane-%e4%b9%b3%e6%9c%a8%e6%9e%9c-%e9%99%90%e9%87%8f%e7%89%88/"
"新活時報Miss Sunny","https://www.weekendhk.com/author/misssunny/"
"超夢幻！今期大熱L‘OCCITANE皇牌乳木果系列星願限量版@Miss Sunny","https://www.weekendhk.com/865047/readygo/loccitane-%e4%b9%b3%e6%9c%a8%e6%9e%9c-%e9%99%90%e9%87%8f%e7%89%88/"
"新活時報Miss Sunny","https://www.weekendhk.com/author/misssunny/"
"新活時報Miss Sunny","https://www.weekendhk.com/author/misssunny/"
"新活時報Miss Sunny","https://www.weekendhk.com/author/misssunny/"
"【葵芳美食嘉年華2018】開鑼啦！$5入場＋60檔熟食檔＋新增東南亞特色主題區","https://www.weekendhk.com/853464/dining/%e8%91%b5%e8%8a%b3%e7%be%8e%e9%a3%9f%e5%98%89%e5%b9%b4%e8%8f%af2018-%e8%91%b5%e8%8a%b3-%e9%a3%9f%e5%93%81%e5%98%89%e5%b9%b4%e8%8f%af-%e6%8e%83%e8%a1%97/"
"新假期 - 飲食","https://www.weekendhk.com/author/wwtopic2/"
"【葵芳美食嘉年華2018】開鑼啦！$5入場＋60檔熟食檔＋新增東南亞特色主題區","https://www.weekendhk.com/853464/dining/%e8%91%b5%e8%8a%b3%e7%be%8e%e9%a3%9f%e5%98%89%e5%b9%b4%e8%8f%af2018-%e8%91%b5%e8%8a%b3-%e9%a3%9f%e5%93%81%e5%98%89%e5%b9%b4%e8%8f%af-%e6%8e%83%e8%a1%97/"
"新假期 - 飲食","https://www.weekendhk.com/author/wwtopic2/"
"【葵芳美食嘉年華2018】開鑼啦！$5入場＋60檔熟食檔＋新增東南亞特色主題區","https://www.weekendhk.com/853464/dining/%e8%91%b5%e8%8a%b3%e7%be%8e%e9%a3%9f%e5%98%89%e5%b9%b4%e8%8f%af2018-%e8%91%b5%e8%8a%b3-%e9%a3%9f%e5%93%81%e5%98%89%e5%b9%b4%e8%8f%af-%e6%8e%83%e8%a1%97/"
"新假期 - 飲食","https://www.weekendhk.com/author/wwtopic2/"
"新假期 - 飲食","https://www.weekendhk.com/author/wwtopic2/"
"新假期 - 飲食","https://www.weekendhk.com/author/wwtopic2/"
"【購物優惠情報】SOGO Thankful Week 2018！崇光感謝周年慶 掃貨攻略＋懶人包（持續更新）","https://www.weekendhk.com/586104/lifestyle/sogo-thankful-week-%e6%8e%a8%e4%bb%8b-%e6%87%b6%e4%ba%ba%e5%8c%85/"
"新假期 - 購物優惠","https://www.weekendhk.com/author/wwtopic10/"
"AEON Living Plaza沙田禾輋重開！開業9折 2100呎新店主打日本雜貨","https://www.weekendhk.com/866198/hot/aeon-living-plaza-%e6%b2%99%e7%94%b0-%e7%a6%be%e8%bc%8b/"
"新假期 - 飲食","https://www.weekendhk.com/author/wwtopic2/"
"KITKAT朱古力迷注意！全新朱古力、抹茶慕絲脆趣樂蛋糕登場","https://www.weekendhk.com/865060/dining/%e8%81%96%e5%ae%89%e5%a8%9c%e9%a4%85%e5%b1%8b-kitkat-%e9%9b%80%e5%b7%a2/"
"新假期 - 飲食","https://www.weekendhk.com/author/wwtopic2/"
"【香港好去處】親手整聖誕禮物！尖沙咀LUSH浸浴汽泡彈工作坊","https://www.weekendhk.com/865989/lifestyle/weekend-leisure/%e8%81%96%e8%aa%95%e7%a6%ae%e7%89%a9-%e5%b0%96%e6%b2%99%e5%92%80-lush/"
"新假期 - 好去處","https://www.weekendhk.com/author/wwtopic9/"
"新iPad Pro+平版MacBook Air一齊出！AirPods 2又延期？ 蘋果特別發佈會 詳情流出","https://www.weekendhk.com/865990/lifestyle/%e8%b3%bc%e7%89%a9%e5%84%aa%e6%83%a0%e6%83%85%e5%a0%b1/%e8%98%8b%e6%9e%9c%e7%99%bc%e4%bd%88%e6%9c%83-ipad-pro-airpods-2-apple/"
"新假期 - 購物優惠","https://www.weekendhk.com/author/wwtopic10/"
"趕絕塵蟎 清潔床褥4大法","https://www.weekendhk.com/865945/lifestyle/%e5%a5%bd%e7%94%9f%e6%b4%bb%e7%99%be%e7%a7%91/%e6%b8%85%e6%bd%94%e5%ba%8a%e8%a4%a5-dorelan-%e5%a4%9a%e9%81%8b%e4%be%86-%e5%a1%b5%e8%9f%8e/"
"新假期 - 生活百科","https://www.weekendhk.com/author/wwtopic11/"
"11月餐廳優惠！美式扒房＋片皮鴨＋高級日菜＋海鮮餐 5個生日＋慶祝抵食菜單｜香港盛宴11月｜","https://www.weekendhk.com/865697/dining/%e9%a6%99%e6%b8%af%e7%9b%9b%e5%ae%b411%e6%9c%88-november-feast-%e9%a4%90%e5%bb%b3%e5%84%aa%e6%83%a0/"
"新假期 - 飲食","https://www.weekendhk.com/author/wwtopic2/"
"【邊間最好食】Top7 斬料叉燒！城中名店老店大比拼｜記者試食｜","https://www.weekendhk.com/865772/dining/%e5%8f%89%e7%87%92-%e9%82%8a%e9%96%93%e6%9c%80%e5%a5%bd%e9%a3%9f-%e6%96%ac%e6%96%99-%e6%96%b0%e6%a1%82%e9%a6%99-%e9%a3%9f%e7%a5%9e%e5%8f%89%e7%87%92/"
"新假期 - 飲食","https://www.weekendhk.com/author/wwtopic2/"
"Miss Marble雲石小姐 新推黑糖珍奶雪崩蛋糕 袁澧林生日都食佢｜尖沙咀甜品｜","https://www.weekendhk.com/865546/dining/%e5%b0%96%e6%b2%99%e5%92%80-missmarble-%e9%9b%b2%e7%9f%b3%e5%b0%8f%e5%a7%90-%e7%8f%8d%e7%8f%a0%e5%a5%b6%e8%8c%b6-%e9%9b%aa%e5%b4%a9%e8%9b%8b%e7%b3%95-%e7%94%9c%e5%93%81/"
"新假期 - 飲食","https://www.weekendhk.com/author/wwtopic2/"
"外國研究：中學閨密會影響你一輩子 盤點中學閨密的5個重要性","https://www.weekendhk.com/865338/%e7%b6%b2%e7%b5%a1%e7%86%b1%e8%a9%b1/%e9%96%a8%e5%af%86-%e4%b8%ad%e5%ad%b8-%e9%87%8d%e8%a6%81%e6%80%a7/"
"新假期 - 熱話","https://www.weekendhk.com/author/wwtopic13/"
"【AIA嘉年華2018】聖誕好去處！12月回歸中環海濱 全新機動遊戲登場","https://www.weekendhk.com/755659/lifestyle/weekend-leisure/aia%e5%98%89%e5%b9%b4%e8%8f%af-2018-%e8%81%96%e8%aa%95%e5%a5%bd%e5%8e%bb%e8%99%95-%e4%b8%ad%e7%92%b0%e6%b5%b7%e6%bf%b1/"
"新假期 - 好去處","https://www.weekendhk.com/author/wwtopic9/"
"海洋公園首間酒店正式試業 最快可11月13日入住！","https://www.weekendhk.com/784888/lifestyle/%e6%b5%b7%e6%b4%8b%e5%85%ac%e5%9c%92-%e9%85%92%e5%ba%97/"
"新假期 - 生活","https://www.weekendhk.com/author/wwtopic3/"
"秋天是收毛孔黃金時機 5大民選溫和清黑頭連根拔起法","https://www.weekendhk.com/735983/readygo/%e7%a7%8b%e5%a4%a9-%e6%94%b6%e6%af%9b%e5%ad%94-%e6%b8%85%e9%bb%91%e9%a0%ad/"
"新假期 - 時尚美容","https://www.weekendhk.com/author/wwtopic5/"
"【購物優惠情報】SOGO Thankful Week 2018！崇光感謝周年慶 掃貨攻略＋懶人包（持續更新）","https://www.weekendhk.com/586104/lifestyle/sogo-thankful-week-%e6%8e%a8%e4%bb%8b-%e6%87%b6%e4%ba%ba%e5%8c%85/"
"新假期 - 購物優惠","https://www.weekendhk.com/author/wwtopic10/"
"【購物優惠情報】SOGO Thankful Week 2018！崇光感謝周年慶 掃貨攻略＋懶人包（持續更新）","https://www.weekendhk.com/586104/lifestyle/sogo-thankful-week-%e6%8e%a8%e4%bb%8b-%e6%87%b6%e4%ba%ba%e5%8c%85/"
"新假期 - 購物優惠","https://www.weekendhk.com/author/wwtopic10/"
"【購物優惠情報】SOGO Thankful Week 2018！崇光感謝周年慶 掃貨攻略＋懶人包（持續更新）","https://www.weekendhk.com/586104/lifestyle/sogo-thankful-week-%e6%8e%a8%e4%bb%8b-%e6%87%b6%e4%ba%ba%e5%8c%85/"
"新假期 - 購物優惠","https://www.weekendhk.com/author/wwtopic10/"
"新假期 - 購物優惠","https://www.weekendhk.com/author/wwtopic10/"
"新假期 - 購物優惠","https://www.weekendhk.com/author/wwtopic10/"
"AEON Living Plaza沙田禾輋重開！開業9折 2100呎新店主打日本雜貨","https://www.weekendhk.com/866198/hot/aeon-living-plaza-%e6%b2%99%e7%94%b0-%e7%a6%be%e8%bc%8b/"
"新假期 - 飲食","https://www.weekendhk.com/author/wwtopic2/"
"AEON Living Plaza沙田禾輋重開！開業9折 2100呎新店主打日本雜貨","https://www.weekendhk.com/866198/hot/aeon-living-plaza-%e6%b2%99%e7%94%b0-%e7%a6%be%e8%bc%8b/"
"新假期 - 飲食","https://www.weekendhk.com/author/wwtopic2/"
"AEON Living Plaza沙田禾輋重開！開業9折 2100呎新店主打日本雜貨","https://www.weekendhk.com/866198/hot/aeon-living-plaza-%e6%b2%99%e7%94%b0-%e7%a6%be%e8%bc%8b/"
"新假期 - 飲食","https://www.weekendhk.com/author/wwtopic2/"
"新假期 - 飲食","https://www.weekendhk.com/author/wwtopic2/"
"新假期 - 飲食","https://www.weekendhk.com/author/wwtopic2/"
"KITKAT朱古力迷注意！全新朱古力、抹茶慕絲脆趣樂蛋糕登場","https://www.weekendhk.com/865060/dining/%e8%81%96%e5%ae%89%e5%a8%9c%e9%a4%85%e5%b1%8b-kitkat-%e9%9b%80%e5%b7%a2/"
"新假期 - 飲食","https://www.weekendhk.com/author/wwtopic2/"
"KITKAT朱古力迷注意！全新朱古力、抹茶慕絲脆趣樂蛋糕登場","https://www.weekendhk.com/865060/dining/%e8%81%96%e5%ae%89%e5%a8%9c%e9%a4%85%e5%b1%8b-kitkat-%e9%9b%80%e5%b7%a2/"
"新假期 - 飲食","https://www.weekendhk.com/author/wwtopic2/"
"KITKAT朱古力迷注意！全新朱古力、抹茶慕絲脆趣樂蛋糕登場","https://www.weekendhk.com/865060/dining/%e8%81%96%e5%ae%89%e5%a8%9c%e9%a4%85%e5%b1%8b-kitkat-%e9%9b%80%e5%b7%a2/"
"新假期 - 飲食","https://www.weekendhk.com/author/wwtopic2/"
"新假期 - 飲食","https://www.weekendhk.com/author/wwtopic2/"
"新假期 - 飲食","https://www.weekendhk.com/author/wwtopic2/"
"【香港好去處】親手整聖誕禮物！尖沙咀LUSH浸浴汽泡彈工作坊","https://www.weekendhk.com/865989/lifestyle/weekend-leisure/%e8%81%96%e8%aa%95%e7%a6%ae%e7%89%a9-%e5%b0%96%e6%b2%99%e5%92%80-lush/"
"新假期 - 好去處","https://www.weekendhk.com/author/wwtopic9/"
"【香港好去處】親手整聖誕禮物！尖沙咀LUSH浸浴汽泡彈工作坊","https://www.weekendhk.com/865989/lifestyle/weekend-leisure/%e8%81%96%e8%aa%95%e7%a6%ae%e7%89%a9-%e5%b0%96%e6%b2%99%e5%92%80-lush/"
"新假期 - 好去處","https://www.weekendhk.com/author/wwtopic9/"
"【香港好去處】親手整聖誕禮物！尖沙咀LUSH浸浴汽泡彈工作坊","https://www.weekendhk.com/865989/lifestyle/weekend-leisure/%e8%81%96%e8%aa%95%e7%a6%ae%e7%89%a9-%e5%b0%96%e6%b2%99%e5%92%80-lush/"
"新假期 - 好去處","https://www.weekendhk.com/author/wwtopic9/"
"新假期 - 好去處","https://www.weekendhk.com/author/wwtopic9/"
"新假期 - 好去處","https://www.weekendhk.com/author/wwtopic9/"
"新iPad Pro+平版MacBook Air一齊出！AirPods 2又延期？ 蘋果特別發佈會 詳情流出","https://www.weekendhk.com/865990/lifestyle/%e8%b3%bc%e7%89%a9%e5%84%aa%e6%83%a0%e6%83%85%e5%a0%b1/%e8%98%8b%e6%9e%9c%e7%99%bc%e4%bd%88%e6%9c%83-ipad-pro-airpods-2-apple/"
"新假期 - 購物優惠","https://www.weekendhk.com/author/wwtopic10/"
"新iPad Pro+平版MacBook Air一齊出！AirPods 2又延期？ 蘋果特別發佈會 詳情流出","https://www.weekendhk.com/865990/lifestyle/%e8%b3%bc%e7%89%a9%e5%84%aa%e6%83%a0%e6%83%85%e5%a0%b1/%e8%98%8b%e6%9e%9c%e7%99%bc%e4%bd%88%e6%9c%83-ipad-pro-airpods-2-apple/"
"新假期 - 購物優惠","https://www.weekendhk.com/author/wwtopic10/"
"新iPad Pro+平版MacBook Air一齊出！AirPods 2又延期？ 蘋果特別發佈會 詳情流出","https://www.weekendhk.com/865990/lifestyle/%e8%b3%bc%e7%89%a9%e5%84%aa%e6%83%a0%e6%83%85%e5%a0%b1/%e8%98%8b%e6%9e%9c%e7%99%bc%e4%bd%88%e6%9c%83-ipad-pro-airpods-2-apple/"
"新假期 - 購物優惠","https://www.weekendhk.com/author/wwtopic10/"
"新假期 - 購物優惠","https://www.weekendhk.com/author/wwtopic10/"
"新假期 - 購物優惠","https://www.weekendhk.com/author/wwtopic10/"
"趕絕塵蟎 清潔床褥4大法","https://www.weekendhk.com/865945/lifestyle/%e5%a5%bd%e7%94%9f%e6%b4%bb%e7%99%be%e7%a7%91/%e6%b8%85%e6%bd%94%e5%ba%8a%e8%a4%a5-dorelan-%e5%a4%9a%e9%81%8b%e4%be%86-%e5%a1%b5%e8%9f%8e/"
"新假期 - 生活百科","https://www.weekendhk.com/author/wwtopic11/"
"趕絕塵蟎 清潔床褥4大法","https://www.weekendhk.com/865945/lifestyle/%e5%a5%bd%e7%94%9f%e6%b4%bb%e7%99%be%e7%a7%91/%e6%b8%85%e6%bd%94%e5%ba%8a%e8%a4%a5-dorelan-%e5%a4%9a%e9%81%8b%e4%be%86-%e5%a1%b5%e8%9f%8e/"
"新假期 - 生活百科","https://www.weekendhk.com/author/wwtopic11/"
"趕絕塵蟎 清潔床褥4大法","https://www.weekendhk.com/865945/lifestyle/%e5%a5%bd%e7%94%9f%e6%b4%bb%e7%99%be%e7%a7%91/%e6%b8%85%e6%bd%94%e5%ba%8a%e8%a4%a5-dorelan-%e5%a4%9a%e9%81%8b%e4%be%86-%e5%a1%b5%e8%9f%8e/"
"新假期 - 生活百科","https://www.weekendhk.com/author/wwtopic11/"
"新假期 - 生活百科","https://www.weekendhk.com/author/wwtopic11/"
"新假期 - 生活百科","https://www.weekendhk.com/author/wwtopic11/"
"11月餐廳優惠！美式扒房＋片皮鴨＋高級日菜＋海鮮餐 5個生日＋慶祝抵食菜單｜香港盛宴11月｜","https://www.weekendhk.com/865697/dining/%e9%a6%99%e6%b8%af%e7%9b%9b%e5%ae%b411%e6%9c%88-november-feast-%e9%a4%90%e5%bb%b3%e5%84%aa%e6%83%a0/"
"新假期 - 飲食","https://www.weekendhk.com/author/wwtopic2/"
"11月餐廳優惠！美式扒房＋片皮鴨＋高級日菜＋海鮮餐 5個生日＋慶祝抵食菜單｜香港盛宴11月｜","https://www.weekendhk.com/865697/dining/%e9%a6%99%e6%b8%af%e7%9b%9b%e5%ae%b411%e6%9c%88-november-feast-%e9%a4%90%e5%bb%b3%e5%84%aa%e6%83%a0/"
"新假期 - 飲食","https://www.weekendhk.com/author/wwtopic2/"
"11月餐廳優惠！美式扒房＋片皮鴨＋高級日菜＋海鮮餐 5個生日＋慶祝抵食菜單｜香港盛宴11月｜","https://www.weekendhk.com/865697/dining/%e9%a6%99%e6%b8%af%e7%9b%9b%e5%ae%b411%e6%9c%88-november-feast-%e9%a4%90%e5%bb%b3%e5%84%aa%e6%83%a0/"
"新假期 - 飲食","https://www.weekendhk.com/author/wwtopic2/"
"新假期 - 飲食","https://www.weekendhk.com/author/wwtopic2/"
"新假期 - 飲食","https://www.weekendhk.com/author/wwtopic2/"
"【邊間最好食】Top7 斬料叉燒！城中名店老店大比拼｜記者試食｜","https://www.weekendhk.com/865772/dining/%e5%8f%89%e7%87%92-%e9%82%8a%e9%96%93%e6%9c%80%e5%a5%bd%e9%a3%9f-%e6%96%ac%e6%96%99-%e6%96%b0%e6%a1%82%e9%a6%99-%e9%a3%9f%e7%a5%9e%e5%8f%89%e7%87%92/"
"新假期 - 飲食","https://www.weekendhk.com/author/wwtopic2/"
"【邊間最好食】Top7 斬料叉燒！城中名店老店大比拼｜記者試食｜","https://www.weekendhk.com/865772/dining/%e5%8f%89%e7%87%92-%e9%82%8a%e9%96%93%e6%9c%80%e5%a5%bd%e9%a3%9f-%e6%96%ac%e6%96%99-%e6%96%b0%e6%a1%82%e9%a6%99-%e9%a3%9f%e7%a5%9e%e5%8f%89%e7%87%92/"
"新假期 - 飲食","https://www.weekendhk.com/author/wwtopic2/"
"【邊間最好食】Top7 斬料叉燒！城中名店老店大比拼｜記者試食｜","https://www.weekendhk.com/865772/dining/%e5%8f%89%e7%87%92-%e9%82%8a%e9%96%93%e6%9c%80%e5%a5%bd%e9%a3%9f-%e6%96%ac%e6%96%99-%e6%96%b0%e6%a1%82%e9%a6%99-%e9%a3%9f%e7%a5%9e%e5%8f%89%e7%87%92/"
"新假期 - 飲食","https://www.weekendhk.com/author/wwtopic2/"
"新假期 - 飲食","https://www.weekendhk.com/author/wwtopic2/"
"新假期 - 飲食","https://www.weekendhk.com/author/wwtopic2/"
"Miss Marble雲石小姐 新推黑糖珍奶雪崩蛋糕 袁澧林生日都食佢｜尖沙咀甜品｜","https://www.weekendhk.com/865546/dining/%e5%b0%96%e6%b2%99%e5%92%80-missmarble-%e9%9b%b2%e7%9f%b3%e5%b0%8f%e5%a7%90-%e7%8f%8d%e7%8f%a0%e5%a5%b6%e8%8c%b6-%e9%9b%aa%e5%b4%a9%e8%9b%8b%e7%b3%95-%e7%94%9c%e5%93%81/"
"新假期 - 飲食","https://www.weekendhk.com/author/wwtopic2/"
"Miss Marble雲石小姐 新推黑糖珍奶雪崩蛋糕 袁澧林生日都食佢｜尖沙咀甜品｜","https://www.weekendhk.com/865546/dining/%e5%b0%96%e6%b2%99%e5%92%80-missmarble-%e9%9b%b2%e7%9f%b3%e5%b0%8f%e5%a7%90-%e7%8f%8d%e7%8f%a0%e5%a5%b6%e8%8c%b6-%e9%9b%aa%e5%b4%a9%e8%9b%8b%e7%b3%95-%e7%94%9c%e5%93%81/"
"新假期 - 飲食","https://www.weekendhk.com/author/wwtopic2/"
"Miss Marble雲石小姐 新推黑糖珍奶雪崩蛋糕 袁澧林生日都食佢｜尖沙咀甜品｜","https://www.weekendhk.com/865546/dining/%e5%b0%96%e6%b2%99%e5%92%80-missmarble-%e9%9b%b2%e7%9f%b3%e5%b0%8f%e5%a7%90-%e7%8f%8d%e7%8f%a0%e5%a5%b6%e8%8c%b6-%e9%9b%aa%e5%b4%a9%e8%9b%8b%e7%b3%95-%e7%94%9c%e5%93%81/"
"新假期 - 飲食","https://www.weekendhk.com/author/wwtopic2/"
"新假期 - 飲食","https://www.weekendhk.com/author/wwtopic2/"
"新假期 - 飲食","https://www.weekendhk.com/author/wwtopic2/"
"外國研究：中學閨密會影響你一輩子 盤點中學閨密的5個重要性","https://www.weekendhk.com/865338/%e7%b6%b2%e7%b5%a1%e7%86%b1%e8%a9%b1/%e9%96%a8%e5%af%86-%e4%b8%ad%e5%ad%b8-%e9%87%8d%e8%a6%81%e6%80%a7/"
"新假期 - 熱話","https://www.weekendhk.com/author/wwtopic13/"
"外國研究：中學閨密會影響你一輩子 盤點中學閨密的5個重要性","https://www.weekendhk.com/865338/%e7%b6%b2%e7%b5%a1%e7%86%b1%e8%a9%b1/%e9%96%a8%e5%af%86-%e4%b8%ad%e5%ad%b8-%e9%87%8d%e8%a6%81%e6%80%a7/"
"新假期 - 熱話","https://www.weekendhk.com/author/wwtopic13/"
"外國研究：中學閨密會影響你一輩子 盤點中學閨密的5個重要性","https://www.weekendhk.com/865338/%e7%b6%b2%e7%b5%a1%e7%86%b1%e8%a9%b1/%e9%96%a8%e5%af%86-%e4%b8%ad%e5%ad%b8-%e9%87%8d%e8%a6%81%e6%80%a7/"
"新假期 - 熱話","https://www.weekendhk.com/author/wwtopic13/"
"新假期 - 熱話","https://www.weekendhk.com/author/wwtopic13/"
"新假期 - 熱話","https://www.weekendhk.com/author/wwtopic13/"
"【AIA嘉年華2018】聖誕好去處！12月回歸中環海濱 全新機動遊戲登場","https://www.weekendhk.com/755659/lifestyle/weekend-leisure/aia%e5%98%89%e5%b9%b4%e8%8f%af-2018-%e8%81%96%e8%aa%95%e5%a5%bd%e5%8e%bb%e8%99%95-%e4%b8%ad%e7%92%b0%e6%b5%b7%e6%bf%b1/"
"新假期 - 好去處","https://www.weekendhk.com/author/wwtopic9/"
"【AIA嘉年華2018】聖誕好去處！12月回歸中環海濱 全新機動遊戲登場","https://www.weekendhk.com/755659/lifestyle/weekend-leisure/aia%e5%98%89%e5%b9%b4%e8%8f%af-2018-%e8%81%96%e8%aa%95%e5%a5%bd%e5%8e%bb%e8%99%95-%e4%b8%ad%e7%92%b0%e6%b5%b7%e6%bf%b1/"
"新假期 - 好去處","https://www.weekendhk.com/author/wwtopic9/"
"【AIA嘉年華2018】聖誕好去處！12月回歸中環海濱 全新機動遊戲登場","https://www.weekendhk.com/755659/lifestyle/weekend-leisure/aia%e5%98%89%e5%b9%b4%e8%8f%af-2018-%e8%81%96%e8%aa%95%e5%a5%bd%e5%8e%bb%e8%99%95-%e4%b8%ad%e7%92%b0%e6%b5%b7%e6%bf%b1/"
"新假期 - 好去處","https://www.weekendhk.com/author/wwtopic9/"
"新假期 - 好去處","https://www.weekendhk.com/author/wwtopic9/"
"新假期 - 好去處","https://www.weekendhk.com/author/wwtopic9/"
"海洋公園首間酒店正式試業 最快可11月13日入住！","https://www.weekendhk.com/784888/lifestyle/%e6%b5%b7%e6%b4%8b%e5%85%ac%e5%9c%92-%e9%85%92%e5%ba%97/"
"新假期 - 生活","https://www.weekendhk.com/author/wwtopic3/"
"海洋公園首間酒店正式試業 最快可11月13日入住！","https://www.weekendhk.com/784888/lifestyle/%e6%b5%b7%e6%b4%8b%e5%85%ac%e5%9c%92-%e9%85%92%e5%ba%97/"
"新假期 - 生活","https://www.weekendhk.com/author/wwtopic3/"
"海洋公園首間酒店正式試業 最快可11月13日入住！","https://www.weekendhk.com/784888/lifestyle/%e6%b5%b7%e6%b4%8b%e5%85%ac%e5%9c%92-%e9%85%92%e5%ba%97/"
"新假期 - 生活","https://www.weekendhk.com/author/wwtopic3/"
"新假期 - 生活","https://www.weekendhk.com/author/wwtopic3/"
"新假期 - 生活","https://www.weekendhk.com/author/wwtopic3/"
"秋天是收毛孔黃金時機 5大民選溫和清黑頭連根拔起法","https://www.weekendhk.com/735983/readygo/%e7%a7%8b%e5%a4%a9-%e6%94%b6%e6%af%9b%e5%ad%94-%e6%b8%85%e9%bb%91%e9%a0%ad/"
"新假期 - 時尚美容","https://www.weekendhk.com/author/wwtopic5/"
"秋天是收毛孔黃金時機 5大民選溫和清黑頭連根拔起法","https://www.weekendhk.com/735983/readygo/%e7%a7%8b%e5%a4%a9-%e6%94%b6%e6%af%9b%e5%ad%94-%e6%b8%85%e9%bb%91%e9%a0%ad/"
"新假期 - 時尚美容","https://www.weekendhk.com/author/wwtopic5/"
"秋天是收毛孔黃金時機 5大民選溫和清黑頭連根拔起法","https://www.weekendhk.com/735983/readygo/%e7%a7%8b%e5%a4%a9-%e6%94%b6%e6%af%9b%e5%ad%94-%e6%b8%85%e9%bb%91%e9%a0%ad/"
"新假期 - 時尚美容","https://www.weekendhk.com/author/wwtopic5/"
"新假期 - 時尚美容","https://www.weekendhk.com/author/wwtopic5/"
"新假期 - 時尚美容","https://www.weekendhk.com/author/wwtopic5/"
"2","https://www.weekendhk.com/page/2/"
"3","https://www.weekendhk.com/page/3/"
"549","https://www.weekendhk.com/page/549/"
"【港珠澳大橋】交通全攻略：口岸巴士 vs 直通巴 vs 高速船 一文睇晒時間、費用大比拼","https://www.weekendhk.com/845563/%e6%be%b3%e9%96%80/%e6%b8%af%e7%8f%a0%e6%be%b3%e5%a4%a7%e6%a9%8b-%e6%be%b3%e9%96%80-%e5%b7%b4%e5%a3%ab-%e4%ba%a4%e9%80%9a/"
"新假期 - 旅遊,","https://www.weekendhk.com/author/wwtopic1/"
"香港6條初級行山徑｜行山6大注意事項｜新手都可以輕鬆郊遊","https://www.weekendhk.com/481467/lifestyle/weekend-leisure/6%e6%a2%9d-%e5%88%9d%e7%b4%9a%e8%a1%8c%e5%b1%b1%e5%be%91-%e6%8e%a8%e4%bb%8b-%e6%b3%a8%e6%84%8f%e4%ba%8b%e9%a0%85/"
"新假期 - 好去處,","https://www.weekendhk.com/author/wwtopic9/"
"【葵芳美食嘉年華2018】開鑼啦！$5入場＋60檔熟食檔＋新增東南亞特色主題區","https://www.weekendhk.com/853464/dining/%e8%91%b5%e8%8a%b3%e7%be%8e%e9%a3%9f%e5%98%89%e5%b9%b4%e8%8f%af2018-%e8%91%b5%e8%8a%b3-%e9%a3%9f%e5%93%81%e5%98%89%e5%b9%b4%e8%8f%af-%e6%8e%83%e8%a1%97/"
"新假期 - 飲食,","https://www.weekendhk.com/author/wwtopic2/"
"100円店必買精選名單！33件超乎想像好用的生活道具","https://www.weekendhk.com/548340/lifestyle/%e5%a5%bd%e7%94%9f%e6%b4%bb%e7%99%be%e7%a7%91/daiso-seria-100%e5%86%86%e5%ba%97-%e6%97%a5%e6%9c%ac/"
"新假期 - 生活百科,","https://www.weekendhk.com/author/wwtopic11/"
"【女性健康】國際乳癌關注月 ！有橙皮紋可能「出事」 檢查三部曲＋乳健中心介紹","https://www.weekendhk.com/804993/lifestyle/%e4%b9%b3%e7%99%8c-%e4%b9%b3%e5%81%a5%e4%b8%ad%e5%bf%83-%e5%a5%b3%e6%80%a7%e5%81%a5%e5%ba%b7/"
"新假期 - 生活,","https://www.weekendhk.com/author/wwtopic3/"
"秋天是收毛孔黃金時機 5大民選溫和清黑頭連根拔起法","https://www.weekendhk.com/735983/readygo/%e7%a7%8b%e5%a4%a9-%e6%94%b6%e6%af%9b%e5%ad%94-%e6%b8%85%e9%bb%91%e9%a0%ad/"
"新假期 - 時尚美容,","https://www.weekendhk.com/author/wwtopic5/"
"6大台北蛋餅店｜台灣人口袋名單推介 古早味、鐵鍋、芝士","https://www.weekendhk.com/802589/taiwan/%e5%8f%b0%e5%8c%97-%e7%be%8e%e9%a3%9f-%e8%9b%8b%e9%a4%85/"
"新假期 - 旅遊,","https://www.weekendhk.com/author/wwtopic1/"
"麥玲玲2019豬年生肖運程（羊、猴、雞、狗、豬、鼠、牛、虎篇）","https://www.weekendhk.com/859953/lifestyle/%e9%ba%a5%e7%8e%b2%e7%8e%b2-2019%e8%b1%ac%e5%b9%b4-%e9%81%8b%e7%a8%8b-ctl04/"
"新假期 - 生活,","https://www.weekendhk.com/author/wwtopic3/"
"【港珠澳大橋】交通全攻略：口岸巴士 vs 直通巴 vs 高速船 一文睇晒時間、費用大比拼","https://www.weekendhk.com/845563/%e6%be%b3%e9%96%80/%e6%b8%af%e7%8f%a0%e6%be%b3%e5%a4%a7%e6%a9%8b-%e6%be%b3%e9%96%80-%e5%b7%b4%e5%a3%ab-%e4%ba%a4%e9%80%9a/"
"新假期 - 旅遊,","https://www.weekendhk.com/author/wwtopic1/"
"【港珠澳大橋】交通全攻略：口岸巴士 vs 直通巴 vs 高速船 一文睇晒時間、費用大比拼","https://www.weekendhk.com/845563/%e6%be%b3%e9%96%80/%e6%b8%af%e7%8f%a0%e6%be%b3%e5%a4%a7%e6%a9%8b-%e6%be%b3%e9%96%80-%e5%b7%b4%e5%a3%ab-%e4%ba%a4%e9%80%9a/"
"新假期 - 旅遊,","https://www.weekendhk.com/author/wwtopic1/"
"新假期 - 旅遊,","https://www.weekendhk.com/author/wwtopic1/"
"香港6條初級行山徑｜行山6大注意事項｜新手都可以輕鬆郊遊","https://www.weekendhk.com/481467/lifestyle/weekend-leisure/6%e6%a2%9d-%e5%88%9d%e7%b4%9a%e8%a1%8c%e5%b1%b1%e5%be%91-%e6%8e%a8%e4%bb%8b-%e6%b3%a8%e6%84%8f%e4%ba%8b%e9%a0%85/"
"新假期 - 好去處,","https://www.weekendhk.com/author/wwtopic9/"
"香港6條初級行山徑｜行山6大注意事項｜新手都可以輕鬆郊遊","https://www.weekendhk.com/481467/lifestyle/weekend-leisure/6%e6%a2%9d-%e5%88%9d%e7%b4%9a%e8%a1%8c%e5%b1%b1%e5%be%91-%e6%8e%a8%e4%bb%8b-%e6%b3%a8%e6%84%8f%e4%ba%8b%e9%a0%85/"
"新假期 - 好去處,","https://www.weekendhk.com/author/wwtopic9/"
"新假期 - 好去處,","https://www.weekendhk.com/author/wwtopic9/"
"【葵芳美食嘉年華2018】開鑼啦！$5入場＋60檔熟食檔＋新增東南亞特色主題區","https://www.weekendhk.com/853464/dining/%e8%91%b5%e8%8a%b3%e7%be%8e%e9%a3%9f%e5%98%89%e5%b9%b4%e8%8f%af2018-%e8%91%b5%e8%8a%b3-%e9%a3%9f%e5%93%81%e5%98%89%e5%b9%b4%e8%8f%af-%e6%8e%83%e8%a1%97/"
"新假期 - 飲食,","https://www.weekendhk.com/author/wwtopic2/"
"【葵芳美食嘉年華2018】開鑼啦！$5入場＋60檔熟食檔＋新增東南亞特色主題區","https://www.weekendhk.com/853464/dining/%e8%91%b5%e8%8a%b3%e7%be%8e%e9%a3%9f%e5%98%89%e5%b9%b4%e8%8f%af2018-%e8%91%b5%e8%8a%b3-%e9%a3%9f%e5%93%81%e5%98%89%e5%b9%b4%e8%8f%af-%e6%8e%83%e8%a1%97/"
"新假期 - 飲食,","https://www.weekendhk.com/author/wwtopic2/"
"新假期 - 飲食,","https://www.weekendhk.com/author/wwtopic2/"
"100円店必買精選名單！33件超乎想像好用的生活道具","https://www.weekendhk.com/548340/lifestyle/%e5%a5%bd%e7%94%9f%e6%b4%bb%e7%99%be%e7%a7%91/daiso-seria-100%e5%86%86%e5%ba%97-%e6%97%a5%e6%9c%ac/"
"新假期 - 生活百科,","https://www.weekendhk.com/author/wwtopic11/"
"100円店必買精選名單！33件超乎想像好用的生活道具","https://www.weekendhk.com/548340/lifestyle/%e5%a5%bd%e7%94%9f%e6%b4%bb%e7%99%be%e7%a7%91/daiso-seria-100%e5%86%86%e5%ba%97-%e6%97%a5%e6%9c%ac/"
"新假期 - 生活百科,","https://www.weekendhk.com/author/wwtopic11/"
"新假期 - 生活百科,","https://www.weekendhk.com/author/wwtopic11/"
"【女性健康】國際乳癌關注月 ！有橙皮紋可能「出事」 檢查三部曲＋乳健中心介紹","https://www.weekendhk.com/804993/lifestyle/%e4%b9%b3%e7%99%8c-%e4%b9%b3%e5%81%a5%e4%b8%ad%e5%bf%83-%e5%a5%b3%e6%80%a7%e5%81%a5%e5%ba%b7/"
"新假期 - 生活,","https://www.weekendhk.com/author/wwtopic3/"
"【女性健康】國際乳癌關注月 ！有橙皮紋可能「出事」 檢查三部曲＋乳健中心介紹","https://www.weekendhk.com/804993/lifestyle/%e4%b9%b3%e7%99%8c-%e4%b9%b3%e5%81%a5%e4%b8%ad%e5%bf%83-%e5%a5%b3%e6%80%a7%e5%81%a5%e5%ba%b7/"
"新假期 - 生活,","https://www.weekendhk.com/author/wwtopic3/"
"新假期 - 生活,","https://www.weekendhk.com/author/wwtopic3/"
"秋天是收毛孔黃金時機 5大民選溫和清黑頭連根拔起法","https://www.weekendhk.com/735983/readygo/%e7%a7%8b%e5%a4%a9-%e6%94%b6%e6%af%9b%e5%ad%94-%e6%b8%85%e9%bb%91%e9%a0%ad/"
"新假期 - 時尚美容,","https://www.weekendhk.com/author/wwtopic5/"
"秋天是收毛孔黃金時機 5大民選溫和清黑頭連根拔起法","https://www.weekendhk.com/735983/readygo/%e7%a7%8b%e5%a4%a9-%e6%94%b6%e6%af%9b%e5%ad%94-%e6%b8%85%e9%bb%91%e9%a0%ad/"
"新假期 - 時尚美容,","https://www.weekendhk.com/author/wwtopic5/"
"新假期 - 時尚美容,","https://www.weekendhk.com/author/wwtopic5/"
"6大台北蛋餅店｜台灣人口袋名單推介 古早味、鐵鍋、芝士","https://www.weekendhk.com/802589/taiwan/%e5%8f%b0%e5%8c%97-%e7%be%8e%e9%a3%9f-%e8%9b%8b%e9%a4%85/"
"新假期 - 旅遊,","https://www.weekendhk.com/author/wwtopic1/"
"6大台北蛋餅店｜台灣人口袋名單推介 古早味、鐵鍋、芝士","https://www.weekendhk.com/802589/taiwan/%e5%8f%b0%e5%8c%97-%e7%be%8e%e9%a3%9f-%e8%9b%8b%e9%a4%85/"
"新假期 - 旅遊,","https://www.weekendhk.com/author/wwtopic1/"
"新假期 - 旅遊,","https://www.weekendhk.com/author/wwtopic1/"
"麥玲玲2019豬年生肖運程（羊、猴、雞、狗、豬、鼠、牛、虎篇）","https://www.weekendhk.com/859953/lifestyle/%e9%ba%a5%e7%8e%b2%e7%8e%b2-2019%e8%b1%ac%e5%b9%b4-%e9%81%8b%e7%a8%8b-ctl04/"
"新假期 - 生活,","https://www.weekendhk.com/author/wwtopic3/"
"麥玲玲2019豬年生肖運程（羊、猴、雞、狗、豬、鼠、牛、虎篇）","https://www.weekendhk.com/859953/lifestyle/%e9%ba%a5%e7%8e%b2%e7%8e%b2-2019%e8%b1%ac%e5%b9%b4-%e9%81%8b%e7%a8%8b-ctl04/"
"新假期 - 生活,","https://www.weekendhk.com/author/wwtopic3/"
"新假期 - 生活,","https://www.weekendhk.com/author/wwtopic3/"
"【出街搵食】觀塘懷舊車仔麵 必吃酸齋＋秘製辣魷魚｜觀塘美食｜","https://www.weekendhk.com/866213/dining/%e8%a7%80%e5%a1%98-%e6%96%87%e8%a8%98%e8%bb%8a%e4%bb%94%e9%ba%b5-%e8%bb%8a%e4%bb%94%e9%ba%b5-%e7%be%8e%e9%a3%9f/"
"新假期 - 飲食,","https://www.weekendhk.com/author/wwtopic2/"
"11月餐廳優惠！美式扒房＋片皮鴨＋高級日菜＋海鮮餐 5個生日＋慶祝抵食菜單｜香港盛宴11月｜","https://www.weekendhk.com/865697/dining/%e9%a6%99%e6%b8%af%e7%9b%9b%e5%ae%b411%e6%9c%88-november-feast-%e9%a4%90%e5%bb%b3%e5%84%aa%e6%83%a0/"
"新假期 - 飲食,","https://www.weekendhk.com/author/wwtopic2/"
"Miss Marble雲石小姐 新推黑糖珍奶雪崩蛋糕 袁澧林生日都食佢｜尖沙咀甜品｜","https://www.weekendhk.com/865546/dining/%e5%b0%96%e6%b2%99%e5%92%80-missmarble-%e9%9b%b2%e7%9f%b3%e5%b0%8f%e5%a7%90-%e7%8f%8d%e7%8f%a0%e5%a5%b6%e8%8c%b6-%e9%9b%aa%e5%b4%a9%e8%9b%8b%e7%b3%95-%e7%94%9c%e5%93%81/"
"新假期 - 飲食,","https://www.weekendhk.com/author/wwtopic2/"
"天仁茗茶推出限定梳乎厘班戟！鐵觀音珍珠＋茶味濃郁","https://www.weekendhk.com/865188/dining/%e5%a4%a9%e4%bb%81%e8%8c%97%e8%8c%b6-%e6%a2%b3%e4%b9%8e%e5%8e%98%e7%8f%ad%e6%88%9f-%e9%90%b5%e8%a7%80%e9%9f%b3-%e7%8f%8d%e7%8f%a0%e5%a5%b6%e8%8c%b6/"
"新假期 - 飲食,","https://www.weekendhk.com/author/wwtopic2/"
"南記下午茶優惠！$10蚊碗招牌魚肉春卷河連飲品＋即睇優惠詳情｜荃灣美食","https://www.weekendhk.com/865111/dining/%e5%8d%97%e8%a8%98-%e9%ad%9a%e8%82%89%e6%98%a5%e5%8d%b7-%e8%8d%83%e7%81%a3-%e7%81%ab%e9%8d%8b/"
"新假期 - 飲食,","https://www.weekendhk.com/author/wwtopic2/"
"【出街搵食】觀塘懷舊車仔麵 必吃酸齋＋秘製辣魷魚｜觀塘美食｜","https://www.weekendhk.com/866213/dining/%e8%a7%80%e5%a1%98-%e6%96%87%e8%a8%98%e8%bb%8a%e4%bb%94%e9%ba%b5-%e8%bb%8a%e4%bb%94%e9%ba%b5-%e7%be%8e%e9%a3%9f/"
"新假期 - 飲食,","https://www.weekendhk.com/author/wwtopic2/"
"【出街搵食】觀塘懷舊車仔麵 必吃酸齋＋秘製辣魷魚｜觀塘美食｜","https://www.weekendhk.com/866213/dining/%e8%a7%80%e5%a1%98-%e6%96%87%e8%a8%98%e8%bb%8a%e4%bb%94%e9%ba%b5-%e8%bb%8a%e4%bb%94%e9%ba%b5-%e7%be%8e%e9%a3%9f/"
"新假期 - 飲食,","https://www.weekendhk.com/author/wwtopic2/"
"新假期 - 飲食,","https://www.weekendhk.com/author/wwtopic2/"
"11月餐廳優惠！美式扒房＋片皮鴨＋高級日菜＋海鮮餐 5個生日＋慶祝抵食菜單｜香港盛宴11月｜","https://www.weekendhk.com/865697/dining/%e9%a6%99%e6%b8%af%e7%9b%9b%e5%ae%b411%e6%9c%88-november-feast-%e9%a4%90%e5%bb%b3%e5%84%aa%e6%83%a0/"
"新假期 - 飲食,","https://www.weekendhk.com/author/wwtopic2/"
"11月餐廳優惠！美式扒房＋片皮鴨＋高級日菜＋海鮮餐 5個生日＋慶祝抵食菜單｜香港盛宴11月｜","https://www.weekendhk.com/865697/dining/%e9%a6%99%e6%b8%af%e7%9b%9b%e5%ae%b411%e6%9c%88-november-feast-%e9%a4%90%e5%bb%b3%e5%84%aa%e6%83%a0/"
"新假期 - 飲食,","https://www.weekendhk.com/author/wwtopic2/"
"新假期 - 飲食,","https://www.weekendhk.com/author/wwtopic2/"
"Miss Marble雲石小姐 新推黑糖珍奶雪崩蛋糕 袁澧林生日都食佢｜尖沙咀甜品｜","https://www.weekendhk.com/865546/dining/%e5%b0%96%e6%b2%99%e5%92%80-missmarble-%e9%9b%b2%e7%9f%b3%e5%b0%8f%e5%a7%90-%e7%8f%8d%e7%8f%a0%e5%a5%b6%e8%8c%b6-%e9%9b%aa%e5%b4%a9%e8%9b%8b%e7%b3%95-%e7%94%9c%e5%93%81/"
"新假期 - 飲食,","https://www.weekendhk.com/author/wwtopic2/"
"Miss Marble雲石小姐 新推黑糖珍奶雪崩蛋糕 袁澧林生日都食佢｜尖沙咀甜品｜","https://www.weekendhk.com/865546/dining/%e5%b0%96%e6%b2%99%e5%92%80-missmarble-%e9%9b%b2%e7%9f%b3%e5%b0%8f%e5%a7%90-%e7%8f%8d%e7%8f%a0%e5%a5%b6%e8%8c%b6-%e9%9b%aa%e5%b4%a9%e8%9b%8b%e7%b3%95-%e7%94%9c%e5%93%81/"
"新假期 - 飲食,","https://www.weekendhk.com/author/wwtopic2/"
"新假期 - 飲食,","https://www.weekendhk.com/author/wwtopic2/"
"天仁茗茶推出限定梳乎厘班戟！鐵觀音珍珠＋茶味濃郁","https://www.weekendhk.com/865188/dining/%e5%a4%a9%e4%bb%81%e8%8c%97%e8%8c%b6-%e6%a2%b3%e4%b9%8e%e5%8e%98%e7%8f%ad%e6%88%9f-%e9%90%b5%e8%a7%80%e9%9f%b3-%e7%8f%8d%e7%8f%a0%e5%a5%b6%e8%8c%b6/"
"新假期 - 飲食,","https://www.weekendhk.com/author/wwtopic2/"
"天仁茗茶推出限定梳乎厘班戟！鐵觀音珍珠＋茶味濃郁","https://www.weekendhk.com/865188/dining/%e5%a4%a9%e4%bb%81%e8%8c%97%e8%8c%b6-%e6%a2%b3%e4%b9%8e%e5%8e%98%e7%8f%ad%e6%88%9f-%e9%90%b5%e8%a7%80%e9%9f%b3-%e7%8f%8d%e7%8f%a0%e5%a5%b6%e8%8c%b6/"
"新假期 - 飲食,","https://www.weekendhk.com/author/wwtopic2/"
"新假期 - 飲食,","https://www.weekendhk.com/author/wwtopic2/"
"南記下午茶優惠！$10蚊碗招牌魚肉春卷河連飲品＋即睇優惠詳情｜荃灣美食","https://www.weekendhk.com/865111/dining/%e5%8d%97%e8%a8%98-%e9%ad%9a%e8%82%89%e6%98%a5%e5%8d%b7-%e8%8d%83%e7%81%a3-%e7%81%ab%e9%8d%8b/"
"新假期 - 飲食,","https://www.weekendhk.com/author/wwtopic2/"
"南記下午茶優惠！$10蚊碗招牌魚肉春卷河連飲品＋即睇優惠詳情｜荃灣美食","https://www.weekendhk.com/865111/dining/%e5%8d%97%e8%a8%98-%e9%ad%9a%e8%82%89%e6%98%a5%e5%8d%b7-%e8%8d%83%e7%81%a3-%e7%81%ab%e9%8d%8b/"
"新假期 - 飲食,","https://www.weekendhk.com/author/wwtopic2/"
"新假期 - 飲食,","https://www.weekendhk.com/author/wwtopic2/"
"【聖誕好去處】16呎巨型布甸狗攻荃灣｜聖誕部屋 打卡必去","https://www.weekendhk.com/865899/lifestyle/weekend-leisure/%e8%81%96%e8%aa%95%e5%a5%bd%e5%8e%bb%e8%99%95-%e5%b8%83%e7%94%b8%e7%8b%97-%e8%8d%83%e7%81%a3-%e8%8d%83%e7%81%a3%e5%bb%a3%e5%a0%b4/"
"新假期 - 好去處,","https://www.weekendhk.com/author/wwtopic9/"
"【郊遊好去處】5大豪華露營地方合集2018｜透明波子Glamping+泰國風露營車+波希米亞帳篷","https://www.weekendhk.com/865563/lifestyle/weekend-leisure/%e9%9c%b2%e7%87%9f-%e9%83%8a%e9%81%8a-glamping-%e9%a6%99%e6%b8%af%e5%a5%bd%e5%8e%bb%e8%99%95/"
"新假期 - 好去處,","https://www.weekendhk.com/author/wwtopic9/"
"【呢個香港人】尖沙咀懷舊精品玩具店！舊物重生地～回憶尋寶迷宮","https://www.weekendhk.com/865236/lifestyle/weekend-leisure/%e5%91%a2%e5%80%8b%e9%a6%99%e6%b8%af%e4%ba%ba-%e5%b0%96%e6%b2%99%e5%92%80-vintage/"
"Sonia Lui,","https://www.weekendhk.com/author/wwsonia/"
"【打卡好去處】全港熱門壁畫打卡位！西營盤13幅新壁畫＋中上環藝術牆","https://www.weekendhk.com/864619/lifestyle/weekend-leisure/%e9%a6%99%e6%b8%af%e5%a5%bd%e5%8e%bb%e8%99%95-%e8%a5%bf%e7%87%9f%e7%9b%a4-%e4%b8%ad%e4%b8%8a%e7%92%b0-%e6%89%93%e5%8d%a1/"
"新假期 - 好去處,","https://www.weekendhk.com/author/wwtopic9/"
"【灣仔好去處】倫敦著名聖誕燈飾 11月登陸利東街！華麗亮燈儀式","https://www.weekendhk.com/864335/lifestyle/weekend-leisure/%e7%81%a3%e4%bb%94%e5%a5%bd%e5%8e%bb%e8%99%95-%e8%81%96%e8%aa%95%e7%87%88%e9%a3%be-%e5%88%a9%e6%9d%b1%e8%a1%97/"
"新假期 - 好去處,","https://www.weekendhk.com/author/wwtopic9/"
"【聖誕好去處】16呎巨型布甸狗攻荃灣｜聖誕部屋 打卡必去","https://www.weekendhk.com/865899/lifestyle/weekend-leisure/%e8%81%96%e8%aa%95%e5%a5%bd%e5%8e%bb%e8%99%95-%e5%b8%83%e7%94%b8%e7%8b%97-%e8%8d%83%e7%81%a3-%e8%8d%83%e7%81%a3%e5%bb%a3%e5%a0%b4/"
"新假期 - 好去處,","https://www.weekendhk.com/author/wwtopic9/"
"【聖誕好去處】16呎巨型布甸狗攻荃灣｜聖誕部屋 打卡必去","https://www.weekendhk.com/865899/lifestyle/weekend-leisure/%e8%81%96%e8%aa%95%e5%a5%bd%e5%8e%bb%e8%99%95-%e5%b8%83%e7%94%b8%e7%8b%97-%e8%8d%83%e7%81%a3-%e8%8d%83%e7%81%a3%e5%bb%a3%e5%a0%b4/"
"新假期 - 好去處,","https://www.weekendhk.com/author/wwtopic9/"
"新假期 - 好去處,","https://www.weekendhk.com/author/wwtopic9/"
"【郊遊好去處】5大豪華露營地方合集2018｜透明波子Glamping+泰國風露營車+波希米亞帳篷","https://www.weekendhk.com/865563/lifestyle/weekend-leisure/%e9%9c%b2%e7%87%9f-%e9%83%8a%e9%81%8a-glamping-%e9%a6%99%e6%b8%af%e5%a5%bd%e5%8e%bb%e8%99%95/"
"新假期 - 好去處,","https://www.weekendhk.com/author/wwtopic9/"
"【郊遊好去處】5大豪華露營地方合集2018｜透明波子Glamping+泰國風露營車+波希米亞帳篷","https://www.weekendhk.com/865563/lifestyle/weekend-leisure/%e9%9c%b2%e7%87%9f-%e9%83%8a%e9%81%8a-glamping-%e9%a6%99%e6%b8%af%e5%a5%bd%e5%8e%bb%e8%99%95/"
"新假期 - 好去處,","https://www.weekendhk.com/author/wwtopic9/"
"新假期 - 好去處,","https://www.weekendhk.com/author/wwtopic9/"
"【呢個香港人】尖沙咀懷舊精品玩具店！舊物重生地～回憶尋寶迷宮","https://www.weekendhk.com/865236/lifestyle/weekend-leisure/%e5%91%a2%e5%80%8b%e9%a6%99%e6%b8%af%e4%ba%ba-%e5%b0%96%e6%b2%99%e5%92%80-vintage/"
"Sonia Lui,","https://www.weekendhk.com/author/wwsonia/"
"【呢個香港人】尖沙咀懷舊精品玩具店！舊物重生地～回憶尋寶迷宮","https://www.weekendhk.com/865236/lifestyle/weekend-leisure/%e5%91%a2%e5%80%8b%e9%a6%99%e6%b8%af%e4%ba%ba-%e5%b0%96%e6%b2%99%e5%92%80-vintage/"
"Sonia Lui,","https://www.weekendhk.com/author/wwsonia/"
"Sonia Lui,","https://www.weekendhk.com/author/wwsonia/"
"【打卡好去處】全港熱門壁畫打卡位！西營盤13幅新壁畫＋中上環藝術牆","https://www.weekendhk.com/864619/lifestyle/weekend-leisure/%e9%a6%99%e6%b8%af%e5%a5%bd%e5%8e%bb%e8%99%95-%e8%a5%bf%e7%87%9f%e7%9b%a4-%e4%b8%ad%e4%b8%8a%e7%92%b0-%e6%89%93%e5%8d%a1/"
"新假期 - 好去處,","https://www.weekendhk.com/author/wwtopic9/"
"【打卡好去處】全港熱門壁畫打卡位！西營盤13幅新壁畫＋中上環藝術牆","https://www.weekendhk.com/864619/lifestyle/weekend-leisure/%e9%a6%99%e6%b8%af%e5%a5%bd%e5%8e%bb%e8%99%95-%e8%a5%bf%e7%87%9f%e7%9b%a4-%e4%b8%ad%e4%b8%8a%e7%92%b0-%e6%89%93%e5%8d%a1/"
"新假期 - 好去處,","https://www.weekendhk.com/author/wwtopic9/"
"新假期 - 好去處,","https://www.weekendhk.com/author/wwtopic9/"
"【灣仔好去處】倫敦著名聖誕燈飾 11月登陸利東街！華麗亮燈儀式","https://www.weekendhk.com/864335/lifestyle/weekend-leisure/%e7%81%a3%e4%bb%94%e5%a5%bd%e5%8e%bb%e8%99%95-%e8%81%96%e8%aa%95%e7%87%88%e9%a3%be-%e5%88%a9%e6%9d%b1%e8%a1%97/"
"新假期 - 好去處,","https://www.weekendhk.com/author/wwtopic9/"
"【灣仔好去處】倫敦著名聖誕燈飾 11月登陸利東街！華麗亮燈儀式","https://www.weekendhk.com/864335/lifestyle/weekend-leisure/%e7%81%a3%e4%bb%94%e5%a5%bd%e5%8e%bb%e8%99%95-%e8%81%96%e8%aa%95%e7%87%88%e9%a3%be-%e5%88%a9%e6%9d%b1%e8%a1%97/"
"新假期 - 好去處,","https://www.weekendhk.com/author/wwtopic9/"
"新假期 - 好去處,","https://www.weekendhk.com/author/wwtopic9/"
"【出街搵食】觀塘懷舊車仔麵 必吃酸齋＋秘製辣魷魚｜觀塘美食｜","https://www.weekendhk.com/866213/dining/%e8%a7%80%e5%a1%98-%e6%96%87%e8%a8%98%e8%bb%8a%e4%bb%94%e9%ba%b5-%e8%bb%8a%e4%bb%94%e9%ba%b5-%e7%be%8e%e9%a3%9f/"
"新假期 - 飲食,","https://www.weekendhk.com/author/wwtopic2/"
"【出街搵食】韓牛火鍋放題 $300牛肉拼盤＋海膽紫菜湯底｜元朗美食｜","https://www.weekendhk.com/864786/dining/%e9%9f%93%e7%89%9b-%e7%81%ab%e9%8d%8b-%e6%94%be%e9%a1%8c-%e5%85%83%e6%9c%97-%e7%89%9b%e7%9f%a5%e5%b7%b1/"
"新假期 - 飲食,","https://www.weekendhk.com/author/wwtopic2/"
"【出街搵食】韓式炸雞放題$98！任食5款口味｜觀塘韓國菜","https://www.weekendhk.com/864327/dining/%e8%a7%80%e5%a1%98-%e9%9f%93%e5%ae%b6-%e9%9f%93%e5%9c%8b%e8%8f%9c-%e7%82%b8%e9%9b%9e-%e6%94%be%e9%a1%8c/"
"新假期 - 飲食,","https://www.weekendhk.com/author/wwtopic2/"
"太子炸雞翼專門店！首創黑糖麥芽口味 龍蝦湯麵+芋圓","https://www.weekendhk.com/864277/dining/%e5%a4%aa%e5%ad%90-%e5%b0%8f%e9%a3%9f-%e9%9b%9e%e7%bf%bc-%e9%be%8d%e8%9d%a6%e6%b9%af%e9%ba%b5-%e5%92%95%e5%9a%95%e5%92%95%e5%9a%95/"
"新假期 - 飲食,","https://www.weekendhk.com/author/wwtopic2/"
"深水埗懷舊小食店 爆餡格仔餅+$1粒陳皮魚蛋｜西九龍中心","https://www.weekendhk.com/864275/dining/%e6%b7%b1%e6%b0%b4%e5%9f%97-%e4%b9%9c%e8%a8%98%e5%a3%ab%e5%a4%9a-%e9%99%b3%e7%9a%ae%e9%ad%9a%e8%9b%8b-%e6%a0%bc%e4%bb%94%e9%a4%85-%e9%9b%9e%e8%9b%8b%e4%bb%94/"
"新假期 - 飲食,","https://www.weekendhk.com/author/wwtopic2/"
"【出街搵食】觀塘懷舊車仔麵 必吃酸齋＋秘製辣魷魚｜觀塘美食｜","https://www.weekendhk.com/866213/dining/%e8%a7%80%e5%a1%98-%e6%96%87%e8%a8%98%e8%bb%8a%e4%bb%94%e9%ba%b5-%e8%bb%8a%e4%bb%94%e9%ba%b5-%e7%be%8e%e9%a3%9f/"
"新假期 - 飲食,","https://www.weekendhk.com/author/wwtopic2/"
"【出街搵食】觀塘懷舊車仔麵 必吃酸齋＋秘製辣魷魚｜觀塘美食｜","https://www.weekendhk.com/866213/dining/%e8%a7%80%e5%a1%98-%e6%96%87%e8%a8%98%e8%bb%8a%e4%bb%94%e9%ba%b5-%e8%bb%8a%e4%bb%94%e9%ba%b5-%e7%be%8e%e9%a3%9f/"
"新假期 - 飲食,","https://www.weekendhk.com/author/wwtopic2/"
"新假期 - 飲食,","https://www.weekendhk.com/author/wwtopic2/"
"【出街搵食】韓牛火鍋放題 $300牛肉拼盤＋海膽紫菜湯底｜元朗美食｜","https://www.weekendhk.com/864786/dining/%e9%9f%93%e7%89%9b-%e7%81%ab%e9%8d%8b-%e6%94%be%e9%a1%8c-%e5%85%83%e6%9c%97-%e7%89%9b%e7%9f%a5%e5%b7%b1/"
"新假期 - 飲食,","https://www.weekendhk.com/author/wwtopic2/"
"【出街搵食】韓牛火鍋放題 $300牛肉拼盤＋海膽紫菜湯底｜元朗美食｜","https://www.weekendhk.com/864786/dining/%e9%9f%93%e7%89%9b-%e7%81%ab%e9%8d%8b-%e6%94%be%e9%a1%8c-%e5%85%83%e6%9c%97-%e7%89%9b%e7%9f%a5%e5%b7%b1/"
"新假期 - 飲食,","https://www.weekendhk.com/author/wwtopic2/"
"新假期 - 飲食,","https://www.weekendhk.com/author/wwtopic2/"
"【出街搵食】韓式炸雞放題$98！任食5款口味｜觀塘韓國菜","https://www.weekendhk.com/864327/dining/%e8%a7%80%e5%a1%98-%e9%9f%93%e5%ae%b6-%e9%9f%93%e5%9c%8b%e8%8f%9c-%e7%82%b8%e9%9b%9e-%e6%94%be%e9%a1%8c/"
"新假期 - 飲食,","https://www.weekendhk.com/author/wwtopic2/"
"【出街搵食】韓式炸雞放題$98！任食5款口味｜觀塘韓國菜","https://www.weekendhk.com/864327/dining/%e8%a7%80%e5%a1%98-%e9%9f%93%e5%ae%b6-%e9%9f%93%e5%9c%8b%e8%8f%9c-%e7%82%b8%e9%9b%9e-%e6%94%be%e9%a1%8c/"
"新假期 - 飲食,","https://www.weekendhk.com/author/wwtopic2/"
"新假期 - 飲食,","https://www.weekendhk.com/author/wwtopic2/"
"太子炸雞翼專門店！首創黑糖麥芽口味 龍蝦湯麵+芋圓","https://www.weekendhk.com/864277/dining/%e5%a4%aa%e5%ad%90-%e5%b0%8f%e9%a3%9f-%e9%9b%9e%e7%bf%bc-%e9%be%8d%e8%9d%a6%e6%b9%af%e9%ba%b5-%e5%92%95%e5%9a%95%e5%92%95%e5%9a%95/"
"新假期 - 飲食,","https://www.weekendhk.com/author/wwtopic2/"
"太子炸雞翼專門店！首創黑糖麥芽口味 龍蝦湯麵+芋圓","https://www.weekendhk.com/864277/dining/%e5%a4%aa%e5%ad%90-%e5%b0%8f%e9%a3%9f-%e9%9b%9e%e7%bf%bc-%e9%be%8d%e8%9d%a6%e6%b9%af%e9%ba%b5-%e5%92%95%e5%9a%95%e5%92%95%e5%9a%95/"
"新假期 - 飲食,","https://www.weekendhk.com/author/wwtopic2/"
"新假期 - 飲食,","https://www.weekendhk.com/author/wwtopic2/"
"深水埗懷舊小食店 爆餡格仔餅+$1粒陳皮魚蛋｜西九龍中心","https://www.weekendhk.com/864275/dining/%e6%b7%b1%e6%b0%b4%e5%9f%97-%e4%b9%9c%e8%a8%98%e5%a3%ab%e5%a4%9a-%e9%99%b3%e7%9a%ae%e9%ad%9a%e8%9b%8b-%e6%a0%bc%e4%bb%94%e9%a4%85-%e9%9b%9e%e8%9b%8b%e4%bb%94/"
"新假期 - 飲食,","https://www.weekendhk.com/author/wwtopic2/"
"深水埗懷舊小食店 爆餡格仔餅+$1粒陳皮魚蛋｜西九龍中心","https://www.weekendhk.com/864275/dining/%e6%b7%b1%e6%b0%b4%e5%9f%97-%e4%b9%9c%e8%a8%98%e5%a3%ab%e5%a4%9a-%e9%99%b3%e7%9a%ae%e9%ad%9a%e8%9b%8b-%e6%a0%bc%e4%bb%94%e9%a4%85-%e9%9b%9e%e8%9b%8b%e4%bb%94/"
"新假期 - 飲食,","https://www.weekendhk.com/author/wwtopic2/"
"新假期 - 飲食,","https://www.weekendhk.com/author/wwtopic2/"